Year,Country,GDP (Current USD),Total Population,Life Expectancy,GDP/Capita,Area (km2),Population Density (/km2),Unemployment Rate (%)
1960,Australia,18573188487.00,10276477.00,71.00,1807.00, -   , -   , -
1960,Brazil,15165569913.00,72207554.00,55.00,210.00, -   , -   , -
1960,Canada,41093453545.00,17909009.00,71.00,2295.00, -   , -   , -
1960,China,59716467625.00,667070000.00,31.00,90.00, -   , -   , -
1960,France,62651474947.00,46814237.00,70.00,1338.00, -   , -   , -
1960,United Kingdom,72328047042.00,52400000.00,71.00,1380.00, -   , -   , -
1960,India,36535925031.00,449480608.00,41.00,81.00, -   , -   , -
1960,Ireland,1939329775.00,2828600.00,71.00,686.00, -   , -   , -
1960,Italy,40385288344.00,50199700.00,69.00,804.00, -   , -   , -
1960,Mexico,13040000000.00,38174112.00,57.00,342.00, -   , -   , -
1960,Nigeria,4196092258.00,45137812.00,40.00,93.00, -   , -   , -
1960,Netherlands,12276734172.00,11486631.00,73.00,1069.00, -   , -   , -
1960,New Zealand,5485854792.00,2371800.00,71.00,2313.00, -   , -   , -
1960,Thailand,2760747472.00,27397175.00,55.00,101.00, -   , -   , -
1960,United States,543300000000.00,180671000.00,70.00,3007.00, -   , -   ,6.00
1961,Australia,19648336880.00,10483000.00,71.00,1874.00,7741220.00,1.00, -
1961,Brazil,15236854859.00,74351763.00,56.00,205.00,8515770.00,9.00, -
1961,Canada,40767969454.00,18271000.00,71.00,2231.00,9984670.00,2.00, -
1961,China,50056868958.00,660330000.00,33.00,76.00,9562950.00,70.00, -
1961,France,68346741504.00,47444751.00,71.00,1441.00,549086.00,87.00, -
1961,United Kingdom,76694360636.00,52800000.00,71.00,1453.00,243610.00,218.00, -
1961,India,38709096076.00,458494963.00,42.00,84.00,3287260.00,154.00, -
1961,Ireland,2088012282.00,2824400.00,70.00,739.00,70280.00,41.00, -
1961,Italy,44842760293.00,50536350.00,70.00,887.00,301340.00,172.00, -
1961,Mexico,14160000000.00,39394126.00,58.00,359.00,1964380.00,20.00, -
1961,Nigeria,4467200336.00,46062905.00,41.00,97.00,923770.00,51.00, -
1961,Netherlands,13493833740.00,11638712.00,74.00,1159.00,41530.00,345.00, -
1961,New Zealand,5670064168.00,2419700.00,71.00,2343.00,267710.00,9.00, -
1961,Thailand,3034043574.00,28224204.00,56.00,107.00,513120.00,55.00, -
1961,United States,563300000000.00,183691000.00,70.00,3067.00,9629090.00,20.00,7.00
1962,Australia,19888005376.00,10742000.00,71.00,1851.00,7741220.00,1.00, -
1962,Brazil,19926293839.00,76573248.00,56.00,260.00,8515770.00,9.00, -
1962,Canada,41978852041.00,18614000.00,71.00,2255.00,9984670.00,2.00, -
1962,China,47209359006.00,665770000.00,43.00,71.00,9562950.00,71.00, -
1962,France,76313782252.00,48119649.00,71.00,1586.00,549086.00,88.00, -
1962,United Kingdom,80601939635.00,53250000.00,71.00,1514.00,243610.00,220.00, -
1962,India,41599070242.00,467852537.00,43.00,89.00,3287260.00,157.00, -
1962,Ireland,2260349684.00,2836050.00,71.00,797.00,70280.00,41.00, -
1962,Italy,50383891899.00,50879450.00,69.00,990.00,301340.00,173.00, -
1962,Mexico,15200000000.00,40649588.00,58.00,374.00,1964380.00,21.00, -
1962,Nigeria,4909302954.00,47029140.00,42.00,104.00,923770.00,52.00, -
1962,Netherlands,14647057370.00,11805689.00,73.00,1241.00,41530.00,350.00, -
1962,New Zealand,6077496268.00,2482000.00,71.00,2449.00,267710.00,9.00, -
1962,Thailand,3308912797.00,29081034.00,57.00,114.00,513120.00,57.00, -
1962,United States,605100000000.00,186538000.00,70.00,3244.00,9629090.00,20.00,6.00
1963,Australia,21501847911.00,10950000.00,71.00,1964.00,7741220.00,1.00, -
1963,Brazil,23021477292.00,78854019.00,57.00,292.00,8515770.00,9.00, -
1963,Canada,44657169109.00,18964000.00,71.00,2355.00,9984670.00,2.00, -
1963,China,50706799903.00,682335000.00,51.00,74.00,9562950.00,73.00, -
1963,France,85551113767.00,48803680.00,70.00,1753.00,549086.00,89.00, -
1963,United Kingdom,85443766670.00,53650000.00,71.00,1593.00,243610.00,222.00, -
1963,India,47776000900.00,477527970.00,43.00,100.00,3287260.00,161.00, -
1963,Ireland,2430843768.00,2852650.00,71.00,852.00,70280.00,41.00, -
1963,Italy,57710743060.00,51252000.00,69.00,1126.00,301340.00,174.00, -
1963,Mexico,16960000000.00,41939880.00,59.00,404.00,1964380.00,22.00, -
1963,Nigeria,5165489010.00,48032246.00,42.00,108.00,923770.00,53.00, -
1963,Netherlands,15891241386.00,11965966.00,73.00,1328.00,41530.00,354.00, -
1963,New Zealand,6638937283.00,2531800.00,71.00,2622.00,267710.00,10.00, -
1963,Thailand,3540403457.00,29967041.00,57.00,118.00,513120.00,59.00, -
1963,United States,638600000000.00,189242000.00,70.00,3375.00,9629090.00,21.00,6.00
1964,Australia,23758539590.00,11167000.00,71.00,2128.00,7741220.00,1.00, -
1964,Brazil,21211892260.00,81168654.00,57.00,261.00,8515770.00,10.00, -
1964,Canada,48882938810.00,19325000.00,72.00,2530.00,9984670.00,2.00, -
1964,China,59708343489.00,698355000.00,52.00,85.00,9562950.00,74.00, -
1964,France,94906593388.00,49449403.00,71.00,1919.00,549086.00,90.00, -
1964,United Kingdom,93387598814.00,54000000.00,72.00,1729.00,243610.00,223.00, -
1964,India,55726873084.00,487484535.00,44.00,114.00,3287260.00,164.00, -
1964,Ireland,2766608946.00,2866550.00,71.00,965.00,70280.00,42.00, -
1964,Italy,63175417019.00,51675350.00,70.00,1223.00,301340.00,176.00, -
1964,Mexico,20080000000.00,43264272.00,59.00,464.00,1964380.00,22.00, -
1964,Nigeria,5552822484.00,49066059.00,43.00,113.00,923770.00,54.00, -
1964,Netherlands,18699380731.00,12127120.00,74.00,1542.00,41530.00,359.00, -
1964,New Zealand,7274144351.00,2585400.00,71.00,2814.00,267710.00,10.00, -
1964,Thailand,3889129942.00,30881332.00,57.00,126.00,513120.00,60.00, -
1964,United States,685800000000.00,191889000.00,70.00,3574.00,9629090.00,21.00,5.00
1965,Australia,25931235301.00,11388000.00,71.00,2277.00,7741220.00,1.00, -
1965,Brazil,21790035117.00,83498020.00,58.00,261.00,8515770.00,10.00, -
1965,Canada,53909570342.00,19678000.00,72.00,2740.00,9984670.00,2.00, -
1965,China,70436266147.00,715185000.00,54.00,98.00,9562950.00,76.00, -
1965,France,102160571409.00,50023774.00,71.00,2042.00,549086.00,91.00, -
1965,United Kingdom,100595782309.00,54348050.00,72.00,1851.00,243610.00,225.00, -
1965,India,58760424670.00,497702365.00,45.00,118.00,3287260.00,167.00, -
1965,Ireland,2945704143.00,2877300.00,71.00,1024.00,70280.00,42.00, -
1965,Italy,67978153851.00,52112350.00,70.00,1304.00,301340.00,177.00, -
1965,Mexico,21840000000.00,44623043.00,60.00,489.00,1964380.00,23.00, -
1965,Nigeria,5874422512.00,50127214.00,43.00,117.00,923770.00,55.00, -
1965,Netherlands,21000586933.00,12294732.00,74.00,1708.00,41530.00,364.00, -
1965,New Zealand,5654463586.00,2628400.00,71.00,2151.00,267710.00,10.00, -
1965,Thailand,4388937649.00,31822796.00,58.00,138.00,513120.00,62.00, -
1965,United States,743700000000.00,194303000.00,70.00,3828.00,9629090.00,21.00,5.00
1966,Australia,27261731437.00,11651000.00,71.00,2340.00,7741220.00,2.00, -
1966,Brazil,27062716578.00,85837799.00,58.00,315.00,8515770.00,10.00, -
1966,Canada,60358632035.00,20048000.00,72.00,3011.00,9984670.00,2.00, -
1966,China,76720285970.00,735400000.00,55.00,104.00,9562950.00,78.00, -
1966,France,110597467199.00,50508717.00,72.00,2190.00,549086.00,92.00, -
1966,United Kingdom,107090721447.00,54648500.00,71.00,1960.00,243610.00,226.00, -
1966,India,45253641303.00,508161935.00,46.00,89.00,3287260.00,171.00, -
1966,Ireland,3104034393.00,2888800.00,71.00,1075.00,70280.00,42.00, -
1966,Italy,73654870011.00,52519000.00,71.00,1402.00,301340.00,179.00, -
1966,Mexico,24320000000.00,46011038.00,60.00,529.00,1964380.00,24.00, -
1966,Nigeria,6366792664.00,51217359.00,44.00,124.00,923770.00,56.00, -
1966,Netherlands,22867203317.00,12456251.00,74.00,1836.00,41530.00,369.00, -
1966,New Zealand,5863733231.00,2675900.00,71.00,2191.00,267710.00,10.00, -
1966,Thailand,5279230817.00,32789096.00,58.00,161.00,513120.00,64.00, -
1966,United States,815000000000.00,196560000.00,70.00,4146.00,9629090.00,21.00,4.00
1967,Australia,30389741292.00,11799000.00,71.00,2576.00,7741220.00,2.00, -
1967,Brazil,30591834054.00,88191378.00,58.00,347.00,8515770.00,11.00, -
1967,Canada,64768831262.00,20412000.00,72.00,3173.00,9984670.00,2.00, -
1967,China,72881631327.00,754550000.00,57.00,97.00,9562950.00,80.00, -
1967,France,119466139620.00,50915456.00,72.00,2346.00,549086.00,93.00, -
1967,United Kingdom,111185383410.00,54943600.00,72.00,2024.00,243610.00,227.00, -
1967,India,49466168891.00,518889779.00,46.00,95.00,3287260.00,175.00, -
1967,Ireland,3343636773.00,2902450.00,72.00,1152.00,70280.00,42.00, -
1967,Italy,81133120065.00,52900500.00,71.00,1534.00,301340.00,180.00, -
1967,Mexico,26560000000.00,47429812.00,61.00,560.00,1964380.00,24.00, -
1967,Nigeria,5203135937.00,52341834.00,38.00,99.00,923770.00,57.00, -
1967,Netherlands,25087562181.00,12598201.00,74.00,1991.00,41530.00,373.00, -
1967,New Zealand,5961418094.00,2724100.00,72.00,2188.00,267710.00,10.00, -
1967,Thailand,5638461442.00,33778504.00,59.00,167.00,513120.00,66.00, -
1967,United States,861700000000.00,198712000.00,71.00,4336.00,9629090.00,22.00,4.00
1968,Australia,32657632434.00,12009000.00,71.00,2719.00,7741220.00,2.00, -
1968,Brazil,33875881876.00,90557064.00,59.00,374.00,8515770.00,11.00, -
1968,Canada,70759031842.00,20744000.00,72.00,3411.00,9984670.00,2.00, -
1968,China,70846535056.00,774510000.00,58.00,91.00,9562950.00,82.00, -
1968,France,129847107788.00,51276054.00,72.00,2532.00,549086.00,94.00, -
1968,United Kingdom,104702736248.00,55211700.00,72.00,1896.00,243610.00,228.00, -
1968,India,52377324284.00,529967317.00,47.00,99.00,3287260.00,178.00, -
1968,Ireland,3278584478.00,2915550.00,72.00,1125.00,70280.00,42.00, -
1968,Italy,87942231678.00,53235750.00,71.00,1652.00,301340.00,181.00, -
1968,Mexico,29360000000.00,48894019.00,61.00,600.00,1964380.00,25.00, -
1968,Nigeria,5200895982.00,53505978.00,33.00,97.00,923770.00,59.00, -
1968,Netherlands,27817605743.00,12729721.00,74.00,2185.00,41530.00,377.00, -
1968,New Zealand,5180597621.00,2748100.00,71.00,1885.00,267710.00,10.00, -
1968,Thailand,6081009428.00,34790945.00,59.00,175.00,513120.00,68.00, -
1968,United States,942500000000.00,200706000.00,70.00,4696.00,9629090.00,22.00,4.00
1969,Australia,36620002240.00,12263000.00,71.00,2986.00,7741220.00,2.00, -
1969,Brazil,37458898244.00,92935072.00,59.00,403.00,8515770.00,11.00, -
1969,Canada,77887510242.00,21028000.00,72.00,3704.00,9984670.00,2.00,5.00
1969,China,79705906247.00,796025000.00,59.00,100.00,9562950.00,85.00, -
1969,France,140725497222.00,51638260.00,71.00,2725.00,549086.00,94.00, -
1969,United Kingdom,112676874822.00,55441750.00,72.00,2032.00,243610.00,229.00, -
1969,India,57668330026.00,541505076.00,48.00,106.00,3287260.00,182.00, -
1969,Ireland,3787077344.00,2932650.00,72.00,1291.00,70280.00,43.00, -
1969,Italy,97085082807.00,53537950.00,71.00,1813.00,301340.00,182.00, -
1969,Mexico,32480000000.00,50423481.00,61.00,644.00,1964380.00,26.00, -
1969,Nigeria,6634187316.00,54716735.00,32.00,121.00,923770.00,60.00, -
1969,Netherlands,31503868835.00,12877984.00,74.00,2446.00,41530.00,381.00, -
1969,New Zealand,5761588762.00,2772800.00,72.00,2078.00,267710.00,11.00, -
1969,Thailand,6695336567.00,35826804.00,59.00,187.00,513120.00,70.00, -
1969,United States,1019900000000.00,202677000.00,71.00,5032.00,9629090.00,22.00,4.00
1970,Australia,41261059469.00,12507000.00,71.00,3299.00,7741220.00,2.00, -
1970,Brazil,42327600098.00,95326793.00,60.00,444.00,8515770.00,11.00, -
1970,Canada,87896095224.00,21324000.00,73.00,4122.00,9984670.00,2.00,6.00
1970,China,92602973434.00,818315000.00,61.00,113.00,9562950.00,87.00, -
1970,France,148456359986.00,52035095.00,72.00,2853.00,549086.00,95.00,2.00
1970,United Kingdom,130671946244.00,55663250.00,72.00,2348.00,243610.00,230.00, -
1970,India,61589800520.00,553578513.00,49.00,111.00,3287260.00,186.00, -
1970,Ireland,4401259686.00,2957250.00,72.00,1488.00,70280.00,43.00, -
1970,Italy,113021271995.00,53821850.00,72.00,2100.00,301340.00,183.00,5.00
1970,Mexico,35520000000.00,52029861.00,62.00,683.00,1964380.00,27.00, -
1970,Nigeria,12545849083.00,55981400.00,42.00,224.00,923770.00,61.00, -
1970,Netherlands,37677621538.00,13038526.00,74.00,2890.00,41530.00,386.00, -
1970,New Zealand,6623527495.00,2810700.00,71.00,2357.00,267710.00,11.00, -
1970,Thailand,7086538438.00,36884913.00,60.00,192.00,513120.00,72.00, -
1970,United States,1075884000000.00,205052000.00,71.00,5247.00,9629090.00,22.00,5.00
1971,Australia,45138313361.00,12937000.00,71.00,3489.00,7741220.00,2.00, -
1971,Brazil,49204456700.00,97728961.00,60.00,503.00,8515770.00,12.00, -
1971,Canada,99271961478.00,21645535.00,73.00,4586.00,9984670.00,2.00,6.00
1971,China,99800958648.00,841105000.00,62.00,119.00,9562950.00,90.00, -
1971,France,165966615366.00,52480421.00,72.00,3162.00,549086.00,96.00,3.00
1971,United Kingdom,148113896325.00,55896223.00,72.00,2650.00,243610.00,231.00,3.00
1971,India,66452561866.00,566224812.00,49.00,117.00,3287260.00,190.00, -
1971,Ireland,5104355500.00,2992050.00,73.00,1706.00,70280.00,43.00, -
1971,Italy,124261125468.00,54073490.00,72.00,2298.00,301340.00,184.00,5.00
1971,Mexico,39200000000.00,53718724.00,62.00,730.00,1964380.00,28.00, -
1971,Nigeria,9181769912.00,57295210.00,47.00,160.00,923770.00,63.00, -
1971,Netherlands,44010160464.00,13194497.00,74.00,3335.00,41530.00,391.00, -
1971,New Zealand,8066935949.00,2853000.00,72.00,2828.00,267710.00,11.00, -
1971,Thailand,7375000024.00,37964925.00,60.00,194.00,513120.00,74.00,0.00
1971,United States,1167770000000.00,207661000.00,71.00,5623.00,9629090.00,23.00,6.00
1972,Australia,51954439252.00,13177000.00,72.00,3943.00,7741220.00,2.00, -
1972,Brazil,58539008786.00,100143598.00,61.00,585.00,8515770.00,12.00,3.00
1972,Canada,113082820992.00,21993631.00,73.00,5142.00,9984670.00,2.00,6.00
1972,China,113687586299.00,862030000.00,61.00,132.00,9562950.00,92.00, -
1972,France,203494148244.00,52959228.00,73.00,3842.00,549086.00,97.00,3.00
1972,United Kingdom,169965034965.00,56086065.00,72.00,3030.00,243610.00,232.00,4.00
1972,India,70509913049.00,579411513.00,50.00,122.00,3287260.00,195.00, -
1972,Ireland,6325627655.00,3036850.00,72.00,2083.00,70280.00,44.00, -
1972,Italy,144780887782.00,54381345.00,72.00,2662.00,301340.00,185.00,6.00
1972,Mexico,45200000000.00,55478151.00,63.00,815.00,1964380.00,29.00, -
1972,Nigeria,12274416018.00,58662603.00,47.00,209.00,923770.00,64.00, -
1972,Netherlands,54008338918.00,13328593.00,74.00,4052.00,41530.00,395.00, -
1972,New Zealand,9820126398.00,2903900.00,72.00,3382.00,267710.00,11.00, -
1972,Thailand,8177884553.00,39061994.00,61.00,209.00,513120.00,76.00,1.00
1972,United States,1282449000000.00,209896000.00,71.00,6110.00,9629090.00,23.00,6.00
1973,Australia,63721973094.00,13380000.00,72.00,4762.00,7741220.00,2.00, -
1973,Brazil,79279057731.00,102584278.00,61.00,773.00,8515770.00,12.00,3.00
1973,Canada,131321859214.00,22369408.00,73.00,5871.00,9984670.00,2.00,6.00
1973,China,138544284709.00,881940000.00,61.00,157.00,9562950.00,94.00, -
1973,France,264429876252.00,53441264.00,73.00,4948.00,549086.00,98.00,3.00
1973,United Kingdom,192537971583.00,56194527.00,72.00,3426.00,243610.00,232.00,3.00
1973,India,84374541630.00,593058926.00,51.00,142.00,3287260.00,199.00, -
1973,Ireland,7490132549.00,3085950.00,72.00,2427.00,70280.00,45.00, -
1973,Italy,174913182331.00,54751406.00,72.00,3195.00,301340.00,186.00,6.00
1973,Mexico,55280000000.00,57280587.00,63.00,965.00,1964380.00,29.00, -
1973,Nigeria,15162871287.00,60110433.00,48.00,252.00,923770.00,66.00, -
1973,Netherlands,70924006306.00,13439322.00,74.00,5277.00,41530.00,398.00, -
1973,New Zealand,13024906080.00,2961300.00,72.00,4398.00,267710.00,11.00, -
1973,Thailand,10838587358.00,40164966.00,61.00,270.00,513120.00,79.00,0.00
1973,United States,1428549000000.00,211909000.00,72.00,6741.00,9629090.00,23.00,5.00
1974,Australia,88809137804.00,13723000.00,72.00,6472.00,7741220.00,2.00, -
1974,Brazil,105136007529.00,105069367.00,61.00,1001.00,8515770.00,13.00, -
1974,Canada,160408697648.00,22774087.00,73.00,7043.00,9984670.00,3.00,5.00
1974,China,144182133388.00,900350000.00,61.00,160.00,9562950.00,96.00, -
1974,France,285552373159.00,53882416.00,73.00,5300.00,549086.00,98.00,3.00
1974,United Kingdom,206131369799.00,56229974.00,72.00,3666.00,243610.00,232.00,3.00
1974,India,98198276857.00,607050255.00,52.00,162.00,3287260.00,204.00, -
1974,Ireland,7906317253.00,3137500.00,72.00,2520.00,70280.00,46.00, -
1974,Italy,198906210777.00,55110868.00,73.00,3609.00,301340.00,187.00,5.00
1974,Mexico,72000000000.00,59088193.00,64.00,1219.00,1964380.00,30.00, -
1974,Nigeria,24846641318.00,61673559.00,48.00,403.00,923770.00,68.00, -
1974,Netherlands,86129928027.00,13545056.00,75.00,6359.00,41530.00,401.00, -
1974,New Zealand,14069222284.00,3023700.00,72.00,4653.00,267710.00,11.00, -
1974,Thailand,13703000530.00,41259536.00,62.00,332.00,513120.00,81.00,0.00
1974,United States,1548825000000.00,213854000.00,72.00,7242.00,9629090.00,23.00,6.00
1975,Australia,97147343985.00,13893000.00,73.00,6993.00,7741220.00,2.00, -
1975,Brazil,123709376568.00,107612100.00,62.00,1150.00,8515770.00,13.00, -
1975,Canada,173834029788.00,23209000.00,73.00,7490.00,9984670.00,3.00,7.00
1975,China,163431551780.00,916395000.00,61.00,178.00,9562950.00,98.00, -
1975,France,360832186018.00,54252574.00,73.00,6651.00,549086.00,99.00,4.00
1975,United Kingdom,241756637168.00,56225800.00,73.00,4300.00,243610.00,232.00,4.00
1975,India,97159222024.00,621301720.00,52.00,156.00,3287260.00,209.00, -
1975,Ireland,9495166028.00,3189550.00,73.00,2977.00,70280.00,46.00, -
1975,Italy,226944777284.00,55441001.00,73.00,4093.00,301340.00,189.00,6.00
1975,Mexico,88000000000.00,60872399.00,64.00,1446.00,1964380.00,31.00, -
1975,Nigeria,27778934625.00,63373572.00,49.00,438.00,923770.00,70.00, -
1975,Netherlands,98970041042.00,13666335.00,74.00,7242.00,41530.00,405.00,6.00
1975,New Zealand,12995256381.00,3083100.00,72.00,4215.00,267710.00,12.00, -
1975,Thailand,14882747955.00,42334954.00,62.00,352.00,513120.00,83.00,0.00
1975,United States,1688923000000.00,215973000.00,73.00,7820.00,9629090.00,24.00,9.00
1976,Australia,104894743477.00,14033000.00,73.00,7475.00,7741220.00,2.00, -
1976,Brazil,152678020453.00,110213082.00,62.00,1385.00,8515770.00,13.00,2.00
1976,Canada,206575564402.00,23518000.00,74.00,8784.00,9984670.00,3.00,7.00
1976,China,153940455342.00,930685000.00,60.00,165.00,9562950.00,99.00, -
1976,France,372319038514.00,54541493.00,73.00,6826.00,549086.00,100.00,4.00
1976,United Kingdom,232614555256.00,56211968.00,73.00,4138.00,243610.00,232.00,6.00
1976,India,101346972434.00,635771734.00,53.00,159.00,3287260.00,214.00, -
1976,Ireland,9465078404.00,3238050.00,73.00,2923.00,70280.00,47.00, -
1976,Italy,223976030937.00,55718260.00,73.00,4020.00,301340.00,189.00,7.00
1976,Mexico,89025974026.00,62623763.00,65.00,1422.00,1964380.00,32.00, -
1976,Nigeria,36308883249.00,65226229.00,50.00,557.00,923770.00,72.00, -
1976,Netherlands,107775403067.00,13774037.00,75.00,7825.00,41530.00,408.00, -
1976,New Zealand,13612626656.00,3110500.00,73.00,4376.00,267710.00,12.00, -
1976,Thailand,16985211146.00,43386841.00,63.00,391.00,513120.00,85.00,1.00
1976,United States,1877587000000.00,218035000.00,73.00,8611.00,9629090.00,24.00,8.00
1977,Australia,110174351916.00,14192000.00,73.00,7763.00,7741220.00,2.00, -
1977,Brazil,176171284312.00,112867867.00,63.00,1561.00,8515770.00,14.00,2.00
1977,Canada,211612156935.00,23796000.00,74.00,8893.00,9984670.00,3.00,8.00
1977,China,174938098827.00,943455000.00,62.00,185.00,9562950.00,100.00, -
1977,France,410279486494.00,54764462.00,74.00,7492.00,549086.00,100.00,5.00
1977,United Kingdom,263066457352.00,56193492.00,73.00,4681.00,243610.00,232.00,6.00
1977,India,119866746574.00,650485030.00,54.00,184.00,3287260.00,219.00, -
1977,Ireland,11261811100.00,3282200.00,73.00,3431.00,70280.00,48.00, -
1977,Italy,256746610489.00,55955411.00,73.00,4588.00,301340.00,190.00, -
1977,Mexico,81814159292.00,64345884.00,66.00,1271.00,1964380.00,33.00, -
1977,Nigeria,36035407725.00,67215805.00,50.00,536.00,923770.00,74.00, -
1977,Netherlands,125395875999.00,13856185.00,75.00,9050.00,41530.00,410.00,6.00
1977,New Zealand,15470524341.00,3120200.00,72.00,4958.00,267710.00,12.00, -
1977,Thailand,19779315170.00,44416010.00,63.00,445.00,513120.00,87.00,1.00
1977,United States,2085951000000.00,220239000.00,73.00,9471.00,9629090.00,24.00,7.00
1978,Australia,118309271374.00,14358000.00,74.00,8240.00,7741220.00,2.00, -
1978,Brazil,200800891870.00,115577669.00,63.00,1737.00,8515770.00,14.00,2.00
1978,Canada,218632867450.00,24036000.00,74.00,9096.00,9984670.00,3.00,8.00
1978,China,149540752829.00,956165000.00,62.00,156.00,9562950.00,102.00,5.00
1978,France,506707848837.00,54947975.00,74.00,9222.00,549086.00,100.00,5.00
1978,United Kingdom,335883029722.00,56196504.00,73.00,5977.00,243610.00,232.00,6.00
1978,India,135468782809.00,665502284.00,54.00,204.00,3287260.00,224.00, -
1978,Ireland,14665538508.00,3329100.00,73.00,4405.00,70280.00,48.00, -
1978,Italy,314019078257.00,56155143.00,74.00,5592.00,301340.00,191.00,7.00
1978,Mexico,102500000000.00,66039488.00,66.00,1552.00,1964380.00,34.00, -
1978,Nigeria,36527862209.00,69293550.00,51.00,527.00,923770.00,76.00, -
1978,Netherlands,153870462416.00,13941700.00,75.00,11037.00,41530.00,413.00, -
1978,New Zealand,18614130435.00,3121200.00,73.00,5964.00,267710.00,12.00, -
1978,Thailand,24006570178.00,45423436.00,64.00,529.00,513120.00,89.00,1.00
1978,United States,2356571000000.00,222585000.00,74.00,10587.00,9629090.00,24.00,6.00
1979,Australia,134679086675.00,14514000.00,74.00,9279.00,7741220.00,2.00,6.00
1979,Brazil,224969488835.00,118342626.00,63.00,1901.00,8515770.00,14.00,3.00
1979,Canada,243072102185.00,24277000.00,75.00,10012.00,9984670.00,3.00,8.00
1979,China,178280594413.00,969005000.00,63.00,184.00,9562950.00,103.00,5.00
1979,France,613953129818.00,55130594.00,74.00,11136.00,549086.00,101.00,6.00
1979,United Kingdom,438994070309.00,56246951.00,73.00,7805.00,243610.00,232.00,5.00
1979,India,150950826964.00,680915804.00,55.00,222.00,3287260.00,229.00, -
1979,Ireland,18341273856.00,3373750.00,73.00,5436.00,70280.00,49.00, -
1979,Italy,392378584945.00,56317749.00,74.00,6967.00,301340.00,191.00,8.00
1979,Mexico,134561403509.00,67709689.00,67.00,1987.00,1964380.00,35.00, -
1979,Nigeria,47259911894.00,71391290.00,51.00,662.00,923770.00,78.00, -
1979,Netherlands,177376289135.00,14038270.00,76.00,12635.00,41530.00,416.00,6.00
1979,New Zealand,20580987679.00,3109000.00,73.00,6620.00,267710.00,12.00, -
1979,Thailand,27371699083.00,46412307.00,64.00,590.00,513120.00,91.00,1.00
1979,United States,2632143000000.00,225055000.00,74.00,11696.00,9629090.00,25.00,6.00
1980,Australia,149738161560.00,14692000.00,75.00,10192.00,7741220.00,2.00,6.00
1980,Brazil,235024598983.00,121159761.00,64.00,1940.00,8515770.00,14.00, -
1980,Canada,273853826377.00,24593000.00,75.00,11135.00,9984670.00,3.00,8.00
1980,China,191149211575.00,981235000.00,64.00,195.00,9562950.00,105.00,5.00
1980,France,701288419745.00,55340782.00,75.00,12672.00,549086.00,101.00,6.00
1980,United Kingdom,564947710899.00,56314216.00,74.00,10032.00,243610.00,233.00,7.00
1980,India,183839864649.00,696783517.00,55.00,264.00,3287260.00,234.00, -
1980,Ireland,21773901764.00,3412800.00,74.00,6380.00,70280.00,50.00, -
1980,Italy,475682506444.00,56433883.00,74.00,8429.00,301340.00,192.00,8.00
1980,Mexico,205139086957.00,69360871.00,67.00,2958.00,1964380.00,36.00, -
1980,Nigeria,64201788123.00,73460724.00,52.00,874.00,923770.00,81.00, -
1980,Netherlands,192661371425.00,14149800.00,76.00,13616.00,41530.00,419.00, -
1980,New Zealand,23149971048.00,3112900.00,73.00,7437.00,267710.00,12.00, -
1980,Thailand,32353440727.00,47385323.00,65.00,683.00,513120.00,93.00,1.00
1980,United States,2862505000000.00,227225000.00,74.00,12598.00,9629090.00,25.00,7.00
1981,Australia,176599326599.00,14927000.00,75.00,11831.00,7741220.00,2.00,6.00
1981,Brazil,263561088977.00,124030908.00,64.00,2125.00,8515770.00,15.00,4.00
1981,Canada,306214863625.00,24900000.00,75.00,12298.00,9984670.00,3.00,8.00
1981,China,195866382433.00,993885000.00,64.00,197.00,9562950.00,106.00,4.00
1981,France,615552202776.00,55585824.00,75.00,11074.00,549086.00,102.00,8.00
1981,United Kingdom,540765675241.00,56333829.00,74.00,9599.00,243610.00,233.00,10.00
1981,India,190909548790.00,713118032.00,56.00,268.00,3287260.00,240.00, -
1981,Ireland,20694944733.00,3453000.00,74.00,5993.00,70280.00,50.00, -
1981,Italy,429282143246.00,56501675.00,74.00,7598.00,301340.00,192.00, -
1981,Mexico,263959336735.00,70992195.00,68.00,3718.00,1964380.00,37.00, -
1981,Nigeria,164475209515.00,75482552.00,52.00,2179.00,923770.00,83.00, -
1981,Netherlands,162039376225.00,14247208.00,76.00,11373.00,41530.00,422.00,8.00
1981,New Zealand,24167846141.00,3124900.00,74.00,7734.00,267710.00,12.00, -
1981,Thailand,34846107862.00,48337503.00,65.00,721.00,513120.00,95.00,1.00
1981,United States,3210956000000.00,229466000.00,74.00,13993.00,9629090.00,25.00,8.00
1982,Australia,193721725698.00,15178000.00,75.00,12763.00,7741220.00,2.00,7.00
1982,Brazil,281682304161.00,126947365.00,65.00,2219.00,8515770.00,15.00,5.00
1982,Canada,313506525087.00,25202000.00,76.00,12440.00,9984670.00,3.00,11.00
1982,China,205089699859.00,1008630000.00,65.00,203.00,9562950.00,107.00,3.00
1982,France,584877732309.00,55858727.00,75.00,10471.00,549086.00,102.00,8.00
1982,United Kingdom,515048916841.00,56313641.00,74.00,9146.00,243610.00,233.00,11.00
1982,India,198037712682.00,729868013.00,56.00,271.00,3287260.00,245.00, -
1982,Ireland,21500472055.00,3485800.00,74.00,6168.00,70280.00,51.00, -
1982,Italy,425863251969.00,56543548.00,75.00,7532.00,301340.00,192.00,9.00
1982,Mexico,184609157801.00,72602533.00,68.00,2543.00,1964380.00,37.00, -
1982,Nigeria,142769363313.00,77472907.00,53.00,1843.00,923770.00,85.00, -
1982,Netherlands,156456858051.00,14312690.00,76.00,10931.00,41530.00,424.00, -
1982,New Zealand,24345229425.00,3156100.00,74.00,7714.00,267710.00,12.00, -
1982,Thailand,36589797857.00,49267560.00,66.00,743.00,513120.00,96.00,3.00
1982,United States,3344991000000.00,231664000.00,75.00,14439.00,9629090.00,25.00,10.00
1983,Australia,176986429574.00,15369000.00,76.00,11516.00,7741220.00,2.00,10.00
1983,Brazil,203304515491.00,129882321.00,65.00,1565.00,8515770.00,16.00,5.00
1983,Canada,340547711782.00,25456000.00,76.00,13378.00,9984670.00,3.00,12.00
1983,China,230686747153.00,1023310000.00,65.00,225.00,9562950.00,109.00,2.00
1983,France,559869179792.00,56156284.00,75.00,9970.00,549086.00,103.00,8.00
1983,United Kingdom,489618008186.00,56332848.00,74.00,8692.00,243610.00,233.00, -
1983,India,215350771428.00,746949067.00,56.00,288.00,3287260.00,251.00, -
1983,Ireland,20790917686.00,3510600.00,74.00,5922.00,70280.00,51.00,15.00
1983,Italy,441580962902.00,56564074.00,75.00,7807.00,301340.00,192.00,9.00
1983,Mexico,156159198585.00,74196548.00,69.00,2105.00,1964380.00,38.00, -
1983,Nigeria,97094911791.00,79462277.00,53.00,1222.00,923770.00,87.00, -
1983,Netherlands,151487045479.00,14367070.00,76.00,10544.00,41530.00,426.00,12.00
1983,New Zealand,24482781283.00,3199300.00,74.00,7653.00,267710.00,12.00, -
1983,Thailand,40042826244.00,50186199.00,67.00,798.00,513120.00,98.00,3.00
1983,United States,3638137000000.00,233792000.00,75.00,15561.00,9629090.00,26.00,10.00
1984,Australia,193194167723.00,15544000.00,76.00,12429.00,7741220.00,2.00,9.00
1984,Brazil,209023912697.00,132800684.00,65.00,1574.00,8515770.00,16.00,4.00
1984,Canada,355372558104.00,25702000.00,76.00,13827.00,9984670.00,3.00,11.00
1984,China,259946510957.00,1036825000.00,66.00,251.00,9562950.00,110.00,2.00
1984,France,530683779929.00,56470769.00,76.00,9397.00,549086.00,103.00,10.00
1984,United Kingdom,461487097632.00,56422072.00,75.00,8179.00,243610.00,233.00, -
1984,India,209328156801.00,764245202.00,57.00,274.00,3287260.00,257.00, -
1984,Ireland,20130728786.00,3532423.00,75.00,5699.00,70280.00,51.00,16.00
1984,Italy,436443280912.00,56576718.00,76.00,7714.00,301340.00,192.00,9.00
1984,Mexico,184261495828.00,75780605.00,69.00,2432.00,1964380.00,39.00, -
1984,Nigeria,73484359521.00,81497739.00,53.00,902.00,923770.00,89.00, -
1984,Netherlands,142075910371.00,14424211.00,76.00,9850.00,41530.00,427.00, -
1984,New Zealand,21903971793.00,3227100.00,75.00,6788.00,267710.00,12.00, -
1984,Thailand,41797592963.00,51108082.00,68.00,818.00,513120.00,100.00,3.00
1984,United States,4040693000000.00,235825000.00,75.00,17134.00,9629090.00,26.00,8.00
1985,Australia,180190994861.00,15758000.00,75.00,11435.00,7741220.00,2.00,8.00
1985,Brazil,222942790435.00,135676281.00,66.00,1643.00,8515770.00,16.00,3.00
1985,Canada,364756499451.00,25942000.00,76.00,14060.00,9984670.00,3.00,11.00
1985,China,309488028133.00,1051040000.00,66.00,294.00,9562950.00,112.00,2.00
1985,France,553138414367.00,56795686.00,76.00,9739.00,549086.00,104.00,10.00
1985,United Kingdom,489285164271.00,56550268.00,75.00,8652.00,243610.00,234.00, -
1985,India,229410293759.00,781666671.00,57.00,293.00,3287260.00,263.00, -
1985,Ireland,21295486383.00,3538082.00,75.00,6019.00,70280.00,51.00,18.00
1985,Italy,450725816043.00,56593071.00,76.00,7964.00,301340.00,192.00,9.00
1985,Mexico,195219789801.00,77360707.00,69.00,2524.00,1964380.00,40.00, -
1985,Nigeria,73745821156.00,83613300.00,54.00,882.00,923770.00,92.00, -
1985,Netherlands,142009922306.00,14491632.00,76.00,9799.00,41530.00,429.00,10.00
1985,New Zealand,24950895141.00,3247100.00,74.00,7684.00,267710.00,12.00, -
1985,Thailand,38900692712.00,52041469.00,68.00,747.00,513120.00,102.00,5.00
1985,United States,4346734000000.00,237924000.00,75.00,18269.00,9629090.00,26.00,7.00
1986,Australia,181977476217.00,16018400.00,76.00,11361.00,7741220.00,2.00,8.00
1986,Brazil,268137224730.00,138499464.00,66.00,1936.00,8515770.00,17.00,2.00
1986,Canada,377437927312.00,26204000.00,76.00,14404.00,9984670.00,3.00,10.00
1986,China,300758100107.00,1066790000.00,66.00,282.00,9562950.00,114.00,2.00
1986,France,771470783218.00,57132691.00,76.00,13503.00,549086.00,104.00,10.00
1986,United Kingdom,601452653181.00,56681396.00,75.00,10611.00,243610.00,234.00, -
1986,India,245664654063.00,799181436.00,57.00,307.00,3287260.00,269.00, -
1986,Ireland,28748960471.00,3539690.00,75.00,8122.00,70280.00,51.00,18.00
1986,Italy,638273986102.00,56596155.00,76.00,11278.00,301340.00,192.00,11.00
1986,Mexico,134550096437.00,78934125.00,70.00,1705.00,1964380.00,41.00, -
1986,Nigeria,54805852581.00,85818502.00,54.00,639.00,923770.00,94.00,4.00
1986,Netherlands,198298498021.00,14572278.00,76.00,13608.00,41530.00,432.00, -
1986,New Zealand,30604668357.00,3246300.00,74.00,9428.00,267710.00,12.00,4.00
1986,Thailand,43096746122.00,52996467.00,69.00,813.00,513120.00,104.00,4.00
1986,United States,4590155000000.00,240133000.00,75.00,19115.00,9629090.00,26.00,7.00
1987,Australia,189041159344.00,16263900.00,76.00,11623.00,7741220.00,2.00,8.00
1987,Brazil,294084112393.00,141273488.00,67.00,2082.00,8515770.00,17.00,4.00
1987,Canada,431316742081.00,26550000.00,77.00,16245.00,9984670.00,3.00,9.00
1987,China,272972974765.00,1084035000.00,66.00,252.00,9562950.00,115.00,2.00
1987,France,934173305686.00,57482591.00,77.00,16251.00,549086.00,105.00,11.00
1987,United Kingdom,745162608269.00,56802050.00,75.00,13119.00,243610.00,235.00, -
1987,India,275311425332.00,816792741.00,57.00,337.00,3287260.00,275.00, -
1987,Ireland,33961142322.00,3540057.00,76.00,9593.00,70280.00,51.00,18.00
1987,Italy,803055418883.00,56601931.00,76.00,14188.00,301340.00,192.00,11.00
1987,Mexico,147540738282.00,80503052.00,70.00,1833.00,1964380.00,41.00, -
1987,Nigeria,52676041931.00,88101628.00,54.00,598.00,923770.00,97.00, -
1987,Netherlands,241918791123.00,14665037.00,77.00,16496.00,41530.00,434.00,10.00
1987,New Zealand,40338594862.00,3274400.00,74.00,12319.00,267710.00,12.00,4.00
1987,Thailand,50535438696.00,53964406.00,70.00,936.00,513120.00,106.00,6.00
1987,United States,4870217000000.00,242289000.00,75.00,20101.00,9629090.00,26.00,6.00
1988,Australia,235699941793.00,16532200.00,76.00,14257.00,7741220.00,2.00,7.00
1988,Brazil,330397381998.00,144001542.00,67.00,2294.00,8515770.00,17.00,4.00
1988,Canada,507354351182.00,26895000.00,77.00,18864.00,9984670.00,3.00,8.00
1988,China,312353631208.00,1101630000.00,66.00,284.00,9562950.00,117.00,2.00
1988,France,1018847043277.00,57836486.00,77.00,17616.00,549086.00,106.00,10.00
1988,United Kingdom,910122732124.00,56928327.00,75.00,15987.00,243610.00,235.00, -
1988,India,292632656263.00,834489322.00,58.00,351.00,3287260.00,281.00, -
1988,Ireland,37818134253.00,3524949.00,76.00,10729.00,70280.00,51.00,17.00
1988,Italy,888667913419.00,56629288.00,77.00,15693.00,301340.00,193.00,11.00
1988,Mexico,181611549976.00,82083919.00,71.00,2213.00,1964380.00,42.00,2.00
1988,Nigeria,49648470440.00,90450281.00,54.00,549.00,923770.00,99.00, -
1988,Netherlands,258567751143.00,14760094.00,77.00,17518.00,41530.00,437.00,9.00
1988,New Zealand,45493075684.00,3283400.00,75.00,13855.00,267710.00,12.00,6.00
1988,Thailand,61667199835.00,54912334.00,70.00,1123.00,513120.00,107.00,3.00
1988,United States,5252629000000.00,244499000.00,75.00,21483.00,9629090.00,27.00,6.00
1989,Australia,299317645143.00,16814400.00,76.00,17801.00,7741220.00,2.00,6.00
1989,Brazil,425595310000.00,146691981.00,67.00,2901.00,8515770.00,18.00,3.00
1989,Canada,565055743243.00,27379000.00,77.00,20638.00,9984670.00,3.00,8.00
1989,China,347768051312.00,1118650000.00,67.00,311.00,9562950.00,119.00,3.00
1989,France,1025211803414.00,58182702.00,77.00,17621.00,549086.00,106.00,10.00
1989,United Kingdom,926884816754.00,57076711.00,75.00,16239.00,243610.00,236.00, -
1989,India,292093308320.00,852270034.00,58.00,343.00,3287260.00,287.00, -
1989,Ireland,39285385088.00,3511009.00,76.00,11189.00,70280.00,51.00,16.00
1989,Italy,925598068021.00,56671781.00,77.00,16333.00,301340.00,193.00,11.00
1989,Mexico,221400669714.00,83697891.00,71.00,2645.00,1964380.00,43.00, -
1989,Nigeria,44003061108.00,92844353.00,54.00,474.00,923770.00,102.00, -
1989,Netherlands,255039560740.00,14848907.00,77.00,17176.00,41530.00,440.00,9.00
1989,New Zealand,44170562822.00,3299200.00,75.00,13388.00,267710.00,13.00,7.00
1989,Thailand,72250877410.00,55795106.00,71.00,1295.00,513120.00,109.00,1.00
1989,United States,5657693000000.00,246819000.00,75.00,22922.00,9629090.00,27.00,5.00
1990,Australia,310838014621.00,17065100.00,77.00,18215.00,7741220.00,2.00,7.00
1990,Brazil,461951782000.00,149352145.00,68.00,3093.00,8515770.00,18.00, -
1990,Canada,593929550908.00,27791000.00,77.00,21371.00,9984670.00,3.00,8.00
1990,China,360857912566.00,1135185000.00,67.00,318.00,9562950.00,121.00,3.00
1990,France,1269179616914.00,58512808.00,77.00,21691.00,549086.00,107.00, -
1990,United Kingdom,1093169389205.00,57247586.00,76.00,19095.00,243610.00,237.00, -
1990,India,316697337895.00,870133480.00,58.00,364.00,3287260.00,293.00, -
1990,Ireland,49364681256.00,3513974.00,76.00,14048.00,70280.00,51.00,14.00
1990,Italy,1177326294441.00,56719240.00,77.00,20757.00,301340.00,193.00, -
1990,Mexico,261253582806.00,85357874.00,72.00,3061.00,1964380.00,44.00, -
1990,Nigeria,54035795388.00,95269988.00,54.00,567.00,923770.00,105.00, -
1990,Netherlands,314267667675.00,14951510.00,77.00,21019.00,41530.00,443.00,8.00
1990,New Zealand,45519034244.00,3329800.00,76.00,13670.00,267710.00,13.00,8.00
1990,Thailand,85343063966.00,56582821.00,71.00,1508.00,513120.00,111.00,2.00
1990,United States,5979589000000.00,249623000.00,75.00,23954.00,9629090.00,27.00,6.00
1991,Australia,325358292128.00,17284000.00,77.00,18824.00,7741220.00,2.00,10.00
1991,Brazil,602860000000.00,151976577.00,68.00,3967.00,8515770.00,18.00, -
1991,Canada,610328183643.00,28171682.00,78.00,21665.00,9984670.00,3.00, -
1991,China,383373318084.00,1150780000.00,67.00,333.00,9562950.00,123.00,2.00
1991,France,1269276828276.00,58559311.00,77.00,21675.00,549086.00,107.00,9.00
1991,United Kingdom,1142797178131.00,57424897.00,76.00,19901.00,243610.00,237.00, -
1991,India,266502281093.00,888054875.00,59.00,300.00,3287260.00,299.00, -
1991,Ireland,49847128533.00,3534235.00,77.00,14104.00,70280.00,51.00,16.00
1991,Italy,1242109397534.00,56758521.00,77.00,21884.00,301340.00,193.00, -
1991,Mexico,313142768437.00,87071512.00,72.00,3596.00,1964380.00,45.00,3.00
1991,Nigeria,49118433048.00,97726323.00,54.00,503.00,923770.00,107.00, -
1991,Netherlands,323320449906.00,15069798.00,77.00,21455.00,41530.00,446.00,7.00
1991,New Zealand,42756020707.00,3495100.00,76.00,12233.00,267710.00,13.00,11.00
1991,Thailand,98234695722.00,57258401.00,71.00,1716.00,513120.00,112.00,3.00
1991,United States,6174043000000.00,252981000.00,76.00,24405.00,9629090.00,28.00,7.00
1992,Australia,324878105053.00,17495000.00,78.00,18570.00,7741220.00,2.00,11.00
1992,Brazil,400599250000.00,154564278.00,68.00,2592.00,8515770.00,18.00,6.00
1992,Canada,592387689253.00,28519597.00,78.00,20771.00,9984670.00,3.00,11.00
1992,China,426915712711.00,1164970000.00,67.00,366.00,9562950.00,124.00,2.00
1992,France,1401465923172.00,58851217.00,78.00,23814.00,549086.00,107.00,10.00
1992,United Kingdom,1179659529660.00,57580402.00,76.00,20487.00,243610.00,238.00, -
1992,India,284363884080.00,906021106.00,59.00,314.00,3287260.00,305.00, -
1992,Ireland,55985506499.00,3558430.00,77.00,15733.00,70280.00,52.00,15.00
1992,Italy,1315806985860.00,56797087.00,77.00,23167.00,301340.00,193.00, -
1992,Mexico,363157598226.00,88828310.00,72.00,4088.00,1964380.00,46.00,3.00
1992,Nigeria,47794925816.00,100221563.00,54.00,477.00,923770.00,110.00, -
1992,Netherlands,358330385840.00,15184166.00,77.00,23599.00,41530.00,450.00,6.00
1992,New Zealand,41636005955.00,3531700.00,76.00,11789.00,267710.00,13.00,11.00
1992,Thailand,111452869378.00,57837878.00,71.00,1927.00,513120.00,113.00,1.00
1992,United States,6539299000000.00,256514000.00,76.00,25493.00,9629090.00,28.00,8.00
1993,Australia,311528948848.00,17667000.00,78.00,17633.00,7741220.00,2.00,11.00
1993,Brazil,437798577640.00,157132682.00,69.00,2786.00,8515770.00,19.00,6.00
1993,Canada,577170761956.00,28833410.00,78.00,20017.00,9984670.00,3.00,11.00
1993,China,444731282437.00,1178440000.00,68.00,377.00,9562950.00,126.00,3.00
1993,France,1322815612694.00,59106768.00,78.00,22380.00,549086.00,108.00,11.00
1993,United Kingdom,1061388722256.00,57718614.00,76.00,18389.00,243610.00,239.00, -
1993,India,275570363432.00,924057817.00,59.00,298.00,3287260.00,311.00, -
1993,Ireland,52480253169.00,3576261.00,77.00,14675.00,70280.00,52.00,16.00
1993,Italy,1061445225791.00,56831821.00,78.00,18677.00,301340.00,193.00,10.00
1993,Mexico,500736065605.00,90600453.00,72.00,5527.00,1964380.00,47.00,3.00
1993,Nigeria,27752204320.00,102761737.00,55.00,270.00,923770.00,113.00, -
1993,Netherlands,349037818106.00,15290368.00,77.00,22827.00,41530.00,453.00,6.00
1993,New Zealand,46712018141.00,3572200.00,77.00,13077.00,267710.00,14.00,10.00
1993,Thailand,128889832383.00,58364891.00,71.00,2208.00,513120.00,114.00,1.00
1993,United States,6878718000000.00,259919000.00,76.00,26465.00,9629090.00,28.00,7.00
1994,Australia,322201314424.00,17855000.00,78.00,18045.00,7741220.00,2.00,10.00
1994,Brazil,558111997497.00,159705123.00,69.00,3495.00,8515770.00,19.00, -
1994,Canada,578139279438.00,29111906.00,78.00,19859.00,9984670.00,3.00,10.00
1994,China,564324670006.00,1191835000.00,68.00,473.00,9562950.00,127.00,3.00
1994,France,1393982750473.00,59327192.00,78.00,23497.00,549086.00,108.00,13.00
1994,United Kingdom,1140489745944.00,57865745.00,77.00,19709.00,243610.00,239.00, -
1994,India,322909902308.00,942204249.00,60.00,343.00,3287260.00,317.00,3.00
1994,Ireland,57166037102.00,3590386.00,77.00,15922.00,70280.00,52.00,15.00
1994,Italy,1095590833694.00,56843400.00,78.00,19274.00,301340.00,193.00, -
1994,Mexico,527813238126.00,92349147.00,73.00,5715.00,1964380.00,48.00,4.00
1994,Nigeria,33833042988.00,105355783.00,55.00,321.00,923770.00,116.00, -
1994,Netherlands,374291430318.00,15382838.00,78.00,24332.00,41530.00,456.00,7.00
1994,New Zealand,55154160816.00,3620000.00,77.00,15236.00,267710.00,14.00,8.00
1994,Thailand,146683499006.00,58901666.00,71.00,2490.00,513120.00,115.00,1.00
1994,United States,7308755000000.00,263126000.00,76.00,27777.00,9629090.00,29.00,6.00
1995,Australia,367216364716.00,18072000.00,78.00,20320.00,7741220.00,2.00,8.00
1995,Brazil,769305386183.00,162296612.00,69.00,4740.00,8515770.00,19.00,6.00
1995,Canada,604031623433.00,29354000.00,78.00,20577.00,9984670.00,3.00,9.00
1995,China,734547898221.00,1204855000.00,68.00,610.00,9562940.00,128.00,3.00
1995,France,1601094756210.00,59541899.00,78.00,26890.00,549086.00,109.00,12.00
1995,United Kingdom,1335218557677.00,58019030.00,77.00,23013.00,243610.00,240.00, -
1995,India,355475984176.00,960482795.00,60.00,370.00,3287260.00,323.00, -
1995,Ireland,69222626263.00,3608841.00,77.00,19181.00,70280.00,52.00,12.00
1995,Italy,1170787352906.00,56844303.00,78.00,20596.00,301340.00,193.00, -
1995,Mexico,360073909244.00,94045579.00,73.00,3829.00,1964380.00,48.00,7.00
1995,Nigeria,44062465800.00,108011465.00,55.00,408.00,923770.00,119.00, -
1995,Netherlands,446528959649.00,15459006.00,78.00,28885.00,41530.00,458.00,7.00
1995,New Zealand,63918039320.00,3673400.00,77.00,17400.00,267710.00,14.00,6.00
1995,Thailand,169278552851.00,59491790.00,71.00,2845.00,513120.00,116.00,1.00
1995,United States,7664060000000.00,266278000.00,76.00,28782.00,9629090.00,29.00,6.00
1996,Australia,400302731411.00,18311000.00,79.00,21861.00,7741220.00,2.00,9.00
1996,Brazil,850426432992.00,164913306.00,69.00,5157.00,8515770.00,20.00,7.00
1996,Canada,628546387972.00,29671900.00,78.00,21183.00,9984670.00,3.00, -
1996,China,863746717504.00,1217550000.00,69.00,709.00,9562930.00,130.00,3.00
1996,France,1605675086550.00,59753100.00,78.00,26872.00,549086.00,109.00,12.00
1996,United Kingdom,1408781591264.00,58166950.00,77.00,24220.00,243610.00,240.00, -
1996,India,387656017800.00,978893217.00,60.00,396.00,3287260.00,329.00, -
1996,Ireland,75880632560.00,3637510.00,78.00,20861.00,70280.00,53.00,12.00
1996,Italy,1308929351236.00,56860281.00,78.00,23020.00,301340.00,193.00, -
1996,Mexico,410975595310.00,95687452.00,73.00,4295.00,1964380.00,49.00,5.00
1996,Nigeria,51075815092.00,110732904.00,55.00,461.00,923770.00,122.00, -
1996,Netherlands,445704575163.00,15530498.00,78.00,28699.00,41530.00,460.00,6.00
1996,New Zealand,70140835299.00,3732000.00,77.00,18794.00,267710.00,14.00,6.00
1996,Thailand,183035154107.00,60151472.00,71.00,3043.00,513120.00,118.00,1.00
1996,United States,8100201000000.00,269394000.00,76.00,30068.00,9629090.00,29.00,5.00
1997,Australia,434568007513.00,18517000.00,79.00,23469.00,7741220.00,2.00,8.00
1997,Brazil,883199625325.00,167545164.00,70.00,5271.00,8515770.00,20.00,8.00
1997,Canada,652825364726.00,29987200.00,79.00,21770.00,9984670.00,3.00,9.00
1997,China,961603952952.00,1230075000.00,69.00,782.00,9562930.00,131.00,3.00
1997,France,1452884917959.00,59964851.00,79.00,24229.00,549086.00,110.00,13.00
1997,United Kingdom,1552483628029.00,58316954.00,77.00,26621.00,243610.00,241.00, -
1997,India,410320300471.00,997405318.00,61.00,411.00,3287260.00,335.00, -
1997,Ireland,82826146132.00,3674171.00,77.00,22543.00,70280.00,53.00,10.00
1997,Italy,1239050932242.00,56890372.00,79.00,21780.00,301340.00,193.00, -
1997,Mexico,500413483109.00,97281739.00,74.00,5144.00,1964380.00,50.00,4.00
1997,Nigeria,54457835194.00,113522705.00,55.00,480.00,923770.00,125.00, -
1997,Netherlands,412199006099.00,15610650.00,78.00,26405.00,41530.00,462.00,6.00
1997,New Zealand,66074513018.00,3781300.00,78.00,17474.00,267710.00,14.00,7.00
1997,Thailand,150180268649.00,60863506.00,71.00,2467.00,513120.00,119.00,1.00
1997,United States,8608515000000.00,272657000.00,77.00,31573.00,9629090.00,30.00,5.00
1998,Australia,398899138574.00,18711000.00,79.00,21319.00,7741220.00,2.00,8.00
1998,Brazil,863723411633.00,170170640.00,70.00,5076.00,8515770.00,20.00,9.00
1998,Canada,631813279407.00,30247900.00,79.00,20888.00,9984670.00,3.00,8.00
1998,China,1029043097554.00,1241935000.00,69.00,829.00,9562930.00,132.00,3.00
1998,France,1503108739159.00,60186288.00,79.00,24974.00,549086.00,110.00,12.00
1998,United Kingdom,1638511096390.00,58487141.00,77.00,28015.00,243610.00,242.00, -
1998,India,415730874172.00,1015974042.00,61.00,409.00,3287260.00,342.00, -
1998,Ireland,90082034316.00,3712696.00,78.00,24263.00,70280.00,54.00,8.00
1998,Italy,1266309245009.00,56906744.00,79.00,22252.00,301340.00,193.00,12.00
1998,Mexico,526502129378.00,98821456.00,74.00,5328.00,1964380.00,51.00,4.00
1998,Nigeria,54604050168.00,116385750.00,55.00,469.00,923770.00,128.00, -
1998,Netherlands,432476116419.00,15707209.00,78.00,27534.00,41530.00,465.00,4.00
1998,New Zealand,56227696195.00,3815000.00,78.00,14739.00,267710.00,14.00,8.00
1998,Thailand,113675706127.00,61597283.00,70.00,1845.00,513120.00,121.00,3.00
1998,United States,9089168000000.00,275854000.00,77.00,32949.00,9629090.00,30.00,5.00
1999,Australia,388395162301.00,18926000.00,79.00,20522.00,7741220.00,2.00,7.00
1999,Brazil,599388579986.00,172759243.00,70.00,3470.00,8515770.00,21.00,10.00
1999,Canada,676082654641.00,30499200.00,79.00,22167.00,9984670.00,3.00,8.00
1999,China,1093997267271.00,1252735000.00,70.00,873.00,9562930.00,133.00,3.00
1999,France,1492647560196.00,60496718.00,79.00,24673.00,549086.00,110.00,12.00
1999,United Kingdom,1665623685488.00,58682466.00,78.00,28384.00,243610.00,243.00, -
1999,India,452699998387.00,1034539214.00,61.00,438.00,3287260.00,348.00, -
1999,Ireland,98691849563.00,3754786.00,78.00,26284.00,70280.00,55.00,6.00
1999,Italy,1248563179203.00,56916317.00,79.00,21937.00,301340.00,194.00,12.00
1999,Mexico,600232874043.00,100300579.00,74.00,5984.00,1964380.00,52.00,2.00
1999,Nigeria,59372613486.00,119327073.00,55.00,498.00,923770.00,131.00, -
1999,Netherlands,441975282335.00,15812088.00,78.00,27952.00,41530.00,468.00,4.00
1999,New Zealand,58762260626.00,3835100.00,78.00,15322.00,267710.00,15.00,7.00
1999,Thailand,126668932160.00,62306651.00,71.00,2033.00,513120.00,122.00,3.00
1999,United States,9660624000000.00,279040000.00,77.00,34621.00,9629090.00,30.00,4.00
2000,Australia,415034227218.00,19153000.00,80.00,21669.00,7741220.00,2.00,6.00
2000,Brazil,655420645477.00,175287587.00,71.00,3739.00,8515770.00,21.00, -
2000,Canada,742293448253.00,30769700.00,79.00,24124.00,9984670.00,3.00,7.00
2000,China,1211346869605.00,1262645000.00,70.00,959.00,9562920.00,134.00,3.00
2000,France,1362248940483.00,60912500.00,79.00,22364.00,549087.00,111.00,10.00
2000,United Kingdom,1647951278560.00,58892514.00,78.00,27982.00,243610.00,243.00, -
2000,India,462146799337.00,1053050912.00,62.00,439.00,3287260.00,354.00,3.00
2000,Ireland,99853528653.00,3805174.00,78.00,26242.00,70280.00,55.00,4.00
2000,Italy,1141759996315.00,56942108.00,80.00,20051.00,301340.00,194.00,11.00
2000,Mexico,707906744575.00,101719673.00,75.00,6959.00,1964380.00,52.00,3.00
2000,Nigeria,69448756933.00,122352009.00,55.00,568.00,923770.00,134.00, -
2000,Netherlands,412807259996.00,15925513.00,78.00,25921.00,41530.00,472.00,3.00
2000,New Zealand,52622842840.00,3857700.00,78.00,13641.00,267710.00,15.00,6.00
2000,Thailand,126392308498.00,62958021.00,71.00,2008.00,513120.00,123.00,2.00
2000,United States,10284779000000.00,282162411.00,77.00,36450.00,9632030.00,31.00,4.00
2001,Australia,378215090694.00,19413000.00,80.00,19483.00,7741220.00,3.00,7.00
2001,Brazil,559372276082.00,177750670.00,71.00,3147.00,8515770.00,21.00,10.00
2001,Canada,736379777893.00,31081900.00,80.00,23692.00,9984670.00,3.00, -
2001,China,1339395718865.00,1271850000.00,70.00,1053.00,9562914.00,135.00,4.00
2001,France,1376465324385.00,61357430.00,79.00,22434.00,549087.00,112.00,9.00
2001,United Kingdom,1621510004318.00,59119673.00,78.00,27428.00,243610.00,244.00, -
2001,India,478965491062.00,1071477855.00,62.00,447.00,3287260.00,360.00, -
2001,Ireland,109133512304.00,3866243.00,78.00,28227.00,70280.00,56.00,4.00
2001,Italy,1162317852349.00,56974100.00,80.00,20401.00,301340.00,194.00,10.00
2001,Mexico,756706300590.00,103067068.00,75.00,7342.00,1964380.00,53.00,3.00
2001,Nigeria,74030364472.00,125463434.00,55.00,590.00,923770.00,138.00, -
2001,Netherlands,426573601790.00,16046180.00,78.00,26584.00,41530.00,475.00,2.00
2001,New Zealand,53872425917.00,3880500.00,79.00,13883.00,267710.00,15.00,5.00
2001,Thailand,120296746257.00,63543322.00,71.00,1893.00,513120.00,124.00,3.00
2001,United States,10621824000000.00,284968955.00,77.00,37274.00,9632030.00,31.00,5.00
2002,Australia,394486709920.00,19651400.00,80.00,20074.00,7741220.00,3.00,6.00
2002,Brazil,507962487700.00,180151021.00,71.00,2820.00,8515770.00,22.00,9.00
2002,Canada,757950678647.00,31362000.00,80.00,24168.00,9984670.00,3.00,8.00
2002,China,1470550015082.00,1280400000.00,70.00,1149.00,9562913.00,136.00,4.00
2002,France,1494286655374.00,61805267.00,79.00,24177.00,549087.00,113.00,9.00
2002,United Kingdom,1768408273381.00,59370479.00,78.00,29786.00,243610.00,245.00, -
2002,India,508068952066.00,1089807112.00,62.00,466.00,3287260.00,367.00, -
2002,Ireland,127945379258.00,3931947.00,79.00,32540.00,70280.00,57.00,4.00
2002,Italy,1266510634293.00,57059007.00,80.00,22197.00,301340.00,194.00,9.00
2002,Mexico,772106378935.00,104355608.00,75.00,7399.00,1964380.00,54.00,3.00
2002,Nigeria,95385819321.00,128666710.00,55.00,741.00,923770.00,141.00, -
2002,Netherlands,465368906456.00,16148929.00,79.00,28817.00,41530.00,478.00,3.00
2002,New Zealand,66627729311.00,3948500.00,79.00,16874.00,267710.00,15.00,5.00
2002,Thailand,134300851255.00,64073164.00,72.00,2096.00,513120.00,125.00,2.00
2002,United States,10977514000000.00,287625193.00,77.00,38166.00,9632030.00,31.00,6.00
2003,Australia,466294700058.00,19895400.00,81.00,23437.00,7741220.00,3.00,6.00
2003,Brazil,558319920832.00,182482149.00,72.00,3060.00,8515770.00,22.00,10.00
2003,Canada,892380986368.00,31676000.00,80.00,28172.00,9984670.00,3.00,8.00
2003,China,1660287965663.00,1288400000.00,71.00,1289.00,9562913.00,137.00,4.00
2003,France,1840480812641.00,62244886.00,80.00,29568.00,549387.00,114.00,8.00
2003,United Kingdom,2038395102041.00,59647577.00,78.00,34174.00,243610.00,247.00, -
2003,India,599592902016.00,1108027848.00,63.00,541.00,3287260.00,373.00, -
2003,Ireland,164285112867.00,3996521.00,79.00,41107.00,70280.00,58.00,4.00
2003,Italy,1569649661400.00,57313203.00,80.00,27387.00,301340.00,195.00,9.00
2003,Mexico,729336319677.00,105640453.00,75.00,6904.00,1964380.00,54.00,3.00
2003,Nigeria,104911947834.00,131972533.00,56.00,795.00,923770.00,145.00, -
2003,Netherlands,571863431151.00,16225302.00,79.00,35245.00,41530.00,481.00,4.00
2003,New Zealand,88250885550.00,4027200.00,79.00,21914.00,267710.00,15.00,5.00
2003,Thailand,152280653544.00,64554952.00,72.00,2359.00,513120.00,126.00,2.00
2003,United States,11510670000000.00,290107933.00,77.00,39677.00,9632030.00,32.00,6.00
2004,Australia,611904253806.00,20127400.00,81.00,30402.00,7741220.00,3.00,5.00
2004,Brazil,669316654017.00,184738458.00,72.00,3623.00,8515770.00,22.00,9.00
2004,Canada,1023196003075.00,31995000.00,80.00,31980.00,9984670.00,4.00,7.00
2004,China,1955347004963.00,1296075000.00,71.00,1509.00,9562913.00,138.00,4.00
2004,France,2115742488205.00,62704895.00,80.00,33741.00,549087.00,115.00,9.00
2004,United Kingdom,2398555474185.00,59987905.00,79.00,39984.00,243610.00,248.00, -
2004,India,699688852930.00,1126135777.00,63.00,621.00,3287260.00,379.00, -
2004,Ireland,193870350137.00,4070262.00,79.00,47631.00,70280.00,59.00,4.00
2004,Italy,1798314750435.00,57685327.00,81.00,31175.00,301340.00,196.00,8.00
2004,Mexico,782240601985.00,106995583.00,75.00,7311.00,1964380.00,55.00,4.00
2004,Nigeria,136385979323.00,135393616.00,56.00,1007.00,923770.00,149.00, -
2004,Netherlands,650532654582.00,16281779.00,79.00,39955.00,41530.00,482.00,5.00
2004,New Zealand,103904537815.00,4087500.00,79.00,25420.00,267710.00,16.00,4.00
2004,Thailand,172895476153.00,65002231.00,72.00,2660.00,513120.00,127.00,2.00
2004,United States,12274928000000.00,292805298.00,78.00,41922.00,9632030.00,32.00,6.00
2005,Australia,692641708014.00,20394800.00,81.00,33962.00,7741220.00,3.00,5.00
2005,Brazil,891630175813.00,186917361.00,72.00,4770.00,8515770.00,22.00,10.00
2005,Canada,1169357979865.00,32312000.00,80.00,36190.00,9984670.00,4.00,7.00
2005,China,2285965892361.00,1303720000.00,72.00,1753.00,9562912.00,139.00,4.00
2005,France,2196126103718.00,63179351.00,80.00,34760.00,549087.00,115.00,8.00
2005,United Kingdom,2520701818182.00,60401206.00,79.00,41733.00,243610.00,250.00, -
2005,India,808901077222.00,1144118674.00,64.00,707.00,3287260.00,385.00,3.00
2005,Ireland,211650764830.00,4159914.00,80.00,50879.00,70280.00,60.00,4.00
2005,Italy,1852661982341.00,57969484.00,81.00,31959.00,301340.00,197.00,8.00
2005,Mexico,877476221382.00,108472228.00,75.00,8089.00,1964380.00,56.00,4.00
2005,Nigeria,176134087151.00,138939478.00,57.00,1268.00,923770.00,153.00, -
2005,Netherlands,678533764457.00,16319868.00,80.00,41577.00,41540.00,483.00,5.00
2005,New Zealand,114718721397.00,4133900.00,80.00,27751.00,267710.00,16.00,4.00
2005,Thailand,189318499954.00,65425470.00,73.00,2894.00,513120.00,128.00,1.00
2005,United States,13093726000000.00,295516599.00,78.00,44308.00,9632030.00,32.00,5.00
2006,Australia,745521862833.00,20697900.00,81.00,36019.00,7741220.00,3.00,5.00
2006,Brazil,1107640297890.00,189012412.00,73.00,5860.00,8515770.00,23.00,9.00
2006,Canada,1315415197461.00,32570505.00,81.00,40387.00,9984670.00,4.00,6.00
2006,China,2752131773355.00,1311020000.00,73.00,2099.00,9562911.00,140.00,4.00
2006,France,2318593651988.00,63621381.00,81.00,36444.00,549087.00,116.00,8.00
2006,United Kingdom,2692612695492.00,60846820.00,79.00,44252.00,243610.00,252.00, -
2006,India,920316529730.00,1161977719.00,64.00,792.00,3287260.00,391.00, -
2006,Ireland,232085535065.00,4273591.00,80.00,54307.00,70280.00,62.00,4.00
2006,Italy,1942633797516.00,58143979.00,81.00,33411.00,301340.00,198.00,7.00
2006,Mexico,975387131716.00,110092378.00,75.00,8860.00,1964380.00,57.00,4.00
2006,Nigeria,236103982432.00,142614094.00,57.00,1656.00,923770.00,157.00, -
2006,Netherlands,726649102998.00,16346101.00,80.00,44454.00,41540.00,484.00,4.00
2006,New Zealand,111608845081.00,4184600.00,80.00,26671.00,267710.00,16.00,4.00
2006,Thailand,221758486880.00,65824164.00,74.00,3369.00,513120.00,129.00,1.00
2006,United States,13855888000000.00,298379912.00,78.00,46437.00,9632030.00,33.00,5.00
2007,Australia,851962785585.00,20827600.00,82.00,40905.00,7741220.00,3.00,4.00
2007,Brazil,1397084345950.00,191026637.00,73.00,7314.00,8515770.00,23.00,8.00
2007,Canada,1464977190206.00,32887928.00,81.00,44545.00,9984670.00,4.00,6.00
2007,China,3552182311653.00,1317885000.00,73.00,2695.00,9562911.00,140.00,4.00
2007,France,2657213249384.00,64016227.00,81.00,41508.00,549087.00,117.00,8.00
2007,United Kingdom,3074359743898.00,61322463.00,80.00,50134.00,243610.00,253.00, -
2007,India,1201111768409.00,1179681239.00,64.00,1018.00,3287260.00,397.00, -
2007,Ireland,269917519847.00,4398942.00,80.00,61360.00,70280.00,64.00,5.00
2007,Italy,2203053380783.00,58438310.00,81.00,37699.00,301340.00,199.00,6.00
2007,Mexico,1052696282279.00,111836346.00,76.00,9413.00,1964380.00,58.00,4.00
2007,Nigeria,275625684969.00,146417024.00,58.00,1882.00,923770.00,161.00, -
2007,Netherlands,839419655078.00,16381696.00,80.00,51241.00,41540.00,485.00,3.00
2007,New Zealand,137316087308.00,4223800.00,80.00,32510.00,267710.00,16.00,4.00
2007,Thailand,262942650544.00,66195615.00,74.00,3972.00,513120.00,130.00,1.00
2007,United States,14477635000000.00,301231207.00,78.00,48062.00,9632030.00,33.00,5.00
2008,Australia,1052584601611.00,21249200.00,82.00,49535.00,7741220.00,3.00,4.00
2008,Brazil,1695824571927.00,192979029.00,73.00,8788.00,8515770.00,23.00,7.00
2008,Canada,1549131208997.00,33245773.00,81.00,46596.00,9984670.00,4.00,6.00
2008,China,4598206091384.00,1324655000.00,73.00,3471.00,9562911.00,141.00,4.00
2008,France,2918382891460.00,64374989.00,81.00,45334.00,549087.00,118.00,7.00
2008,United Kingdom,2890564338235.00,61806995.00,80.00,46768.00,243610.00,255.00,6.00
2008,India,1186952757636.00,1197146906.00,65.00,991.00,3287260.00,403.00, -
2008,Ireland,275020023436.00,4489544.00,80.00,61258.00,70280.00,65.00,7.00
2008,Italy,2390729163615.00,58826731.00,82.00,40640.00,301340.00,200.00,7.00
2008,Mexico,1109989063587.00,113661809.00,75.00,9766.00,1964380.00,58.00,4.00
2008,Nigeria,337035512677.00,150347390.00,59.00,2242.00,923770.00,165.00, -
2008,Netherlands,936228211513.00,16445593.00,80.00,56929.00,41540.00,487.00,3.00
2008,New Zealand,133279679483.00,4259800.00,80.00,31288.00,267710.00,16.00,4.00
2008,Thailand,291383081232.00,66545760.00,74.00,4379.00,513120.00,130.00,1.00
2008,United States,14718582000000.00,304093966.00,78.00,48401.00,9831510.00,33.00,6.00
2009,Australia,926448240318.00,21691700.00,82.00,42710.00,7741220.00,3.00,6.00
2009,Brazil,1667019780934.00,194895996.00,73.00,8553.00,8515770.00,23.00,9.00
2009,Canada,1371153004986.00,33628571.00,81.00,40773.00,9984670.00,4.00,8.00
2009,China,5109953609257.00,1331260000.00,74.00,3838.00,9562911.00,142.00,4.00
2009,France,2690222283968.00,64707044.00,81.00,41575.00,549087.00,118.00,9.00
2009,United Kingdom,2382825985356.00,62276270.00,80.00,38262.00,243610.00,257.00,8.00
2009,India,1323940295875.00,1214270132.00,65.00,1090.00,3287260.00,408.00, -
2009,Ireland,236311336482.00,4535375.00,80.00,52104.00,70280.00,66.00,13.00
2009,Italy,2185160183384.00,59095365.00,82.00,36977.00,301340.00,201.00,8.00
2009,Mexico,900045350649.00,115505228.00,75.00,7792.00,1964380.00,59.00,5.00
2009,Nigeria,291880204328.00,154402181.00,60.00,1890.00,923770.00,170.00, -
2009,Netherlands,857932759100.00,16530388.00,81.00,51900.00,41540.00,490.00,3.00
2009,New Zealand,121338622025.00,4302600.00,81.00,28201.00,267710.00,16.00,6.00
2009,Thailand,281710095725.00,66881867.00,74.00,4212.00,513120.00,131.00,1.00
2009,United States,14418739000000.00,306771529.00,79.00,47002.00,9831510.00,34.00,9.00
2010,Australia,1144260547873.00,22031750.00,82.00,51937.00,7741220.00,3.00,5.00
2010,Brazil,2208871646203.00,196796269.00,74.00,11224.00,8515770.00,24.00, -
2010,Canada,1613464422811.00,34005274.00,81.00,47447.00,9984670.00,4.00,8.00
2010,China,6100620488868.00,1337705000.00,74.00,4561.00,9562911.00,142.00,4.00
2010,France,2642609548930.00,65027507.00,81.00,40638.00,549087.00,119.00,9.00
2010,United Kingdom,2441173394730.00,62766365.00,80.00,38893.00,243610.00,259.00,8.00
2010,India,1656617073124.00,1230980691.00,65.00,1346.00,3287260.00,414.00,2.00
2010,Ireland,221951354762.00,4560155.00,81.00,48672.00,70280.00,66.00,15.00
2010,Italy,2125058244243.00,59277417.00,82.00,35849.00,301340.00,202.00,8.00
2010,Mexico,1057801295584.00,117318941.00,75.00,9016.00,1964380.00,60.00,5.00
2010,Nigeria,363359886203.00,158578261.00,61.00,2291.00,923770.00,174.00, -
2010,Netherlands,836389937229.00,16615394.00,81.00,50338.00,41540.00,493.00,4.00
2010,New Zealand,146583831538.00,4350700.00,81.00,33692.00,267710.00,17.00,7.00
2010,Thailand,341105009515.00,67208808.00,74.00,5075.00,513120.00,132.00,1.00
2010,United States,14964372000000.00,309338421.00,79.00,48375.00,9831510.00,34.00,10.00
2011,Australia,1394280784778.00,22340024.00,82.00,62412.00,7741220.00,3.00,5.00
2011,Brazil,2616201578192.00,198686688.00,74.00,13167.00,8515770.00,24.00,7.00
2011,Canada,1788647906048.00,34342780.00,82.00,52082.00,9984670.00,4.00, -
2011,China,7572553836875.00,1344130000.00,75.00,5634.00,9562911.00,143.00,4.00
2011,France,2861408170265.00,65342775.00,82.00,43791.00,549087.00,119.00,9.00
2011,United Kingdom,2619700404733.00,63258918.00,81.00,41412.00,243610.00,261.00,8.00
2011,India,1823049927771.00,1247236029.00,66.00,1462.00,3287260.00,419.00, -
2011,Ireland,239018536582.00,4580084.00,81.00,52186.00,70280.00,66.00,15.00
2011,Italy,2276292404601.00,59379449.00,82.00,38335.00,301340.00,202.00,8.00
2011,Mexico,1180489601958.00,119090017.00,76.00,9913.00,1964380.00,61.00,5.00
2011,Nigeria,410334579161.00,162877076.00,62.00,2519.00,923770.00,179.00,4.00
2011,Netherlands,893757287202.00,16693074.00,81.00,53541.00,41540.00,495.00,5.00
2011,New Zealand,168461998741.00,4384000.00,81.00,38427.00,267710.00,17.00,6.00
2011,Thailand,370818747397.00,67530130.00,74.00,5491.00,513120.00,132.00,1.00
2011,United States,15517926000000.00,311644280.00,79.00,49794.00,9831510.00,34.00,9.00
2012,Australia,1543411012580.00,22742475.00,82.00,67865.00,7741220.00,3.00,5.00
2012,Brazil,2465188674415.00,200560983.00,74.00,12291.00,8515770.00,24.00, -
2012,Canada,1824288757448.00,34750545.00,82.00,52497.00,9984670.00,4.00,7.00
2012,China,8560547314679.00,1350695000.00,75.00,6338.00,9562911.00,144.00,4.00
2012,France,2683825225093.00,65659789.00,82.00,40875.00,549087.00,120.00,9.00
2012,United Kingdom,2662085168499.00,63700300.00,81.00,41791.00,243610.00,263.00,8.00
2012,India,1827637859136.00,1263065852.00,66.00,1447.00,3287260.00,425.00,3.00
2012,Ireland,225571853194.00,4599533.00,81.00,49042.00,70280.00,67.00,15.00
2012,Italy,2072823157060.00,59539717.00,82.00,34814.00,301340.00,202.00,11.00
2012,Mexico,1201089987015.00,120828307.00,76.00,9940.00,1964380.00,62.00,5.00
2012,Nigeria,459376049764.00,167297284.00,63.00,2746.00,923770.00,184.00, -
2012,Netherlands,828946812397.00,16754962.00,81.00,49475.00,41540.00,497.00,6.00
2012,New Zealand,176192886551.00,4408100.00,81.00,39970.00,267710.00,17.00,7.00
2012,Thailand,397558094270.00,67843979.00,74.00,5860.00,513120.00,133.00,1.00
2012,United States,16155255000000.00,313993272.00,79.00,51451.00,9831510.00,34.00,8.00
2013,Australia,1573696522007.00,23145901.00,82.00,67990.00,7741220.00,3.00,6.00
2013,Brazil,2472806919902.00,202408632.00,74.00,12217.00,8515770.00,24.00, -
2013,Canada,1842628005830.00,35152370.00,82.00,52418.00,9984670.00,4.00,7.00
2013,China,9607224481533.00,1357380000.00,76.00,7078.00,9562911.00,145.00,4.00
2013,France,2811077725704.00,65998660.00,82.00,42593.00,549087.00,121.00,10.00
2013,United Kingdom,2739818680930.00,64128226.00,81.00,42724.00,243610.00,265.00,8.00
2013,India,1856722121395.00,1278562207.00,67.00,1452.00,3287260.00,430.00, -
2013,Ireland,239389340720.00,4623816.00,82.00,51773.00,70280.00,67.00,14.00
2013,Italy,2130491320659.00,60233948.00,82.00,35370.00,301340.00,205.00,12.00
2013,Mexico,1274443084717.00,122535969.00,75.00,10401.00,1964380.00,63.00,5.00
2013,Nigeria,514966287334.00,171829303.00,63.00,2997.00,923770.00,189.00,4.00
2013,Netherlands,866680000367.00,16804432.00,81.00,51574.00,41540.00,499.00,7.00
2013,New Zealand,190785204764.00,4442100.00,81.00,42949.00,267710.00,17.00,6.00
2013,Thailand,420333333333.00,68143065.00,74.00,6168.00,513120.00,133.00,0.00
2013,United States,16691517000000.00,316234505.00,79.00,52782.00,9831510.00,35.00,7.00
2014,Australia,1464955475994.00,23504138.00,82.00,62328.00,7741220.00,3.00,6.00
2014,Brazil,2455993625159.00,204213133.00,74.00,12027.00,8515770.00,24.00, -
2014,Canada,1799268695862.00,35535348.00,82.00,50633.00,9984670.00,4.00,7.00
2014,China,10482372109962.00,1364270000.00,76.00,7684.00,9562911.00,145.00,4.00
2014,France,2852165760630.00,66316092.00,82.00,43009.00,549087.00,121.00,10.00
2014,United Kingdom,3022827781881.00,64613160.00,81.00,46783.00,243610.00,267.00,6.00
2014,India,2039127446299.00,1293859294.00,67.00,1576.00,3287259.00,435.00, -
2014,Ireland,258099014042.00,4657740.00,82.00,55413.00,70280.00,68.00,12.00
2014,Italy,2151732868243.00,60789140.00,82.00,35397.00,301340.00,207.00,13.00
2014,Mexico,1314563967425.00,124221600.00,76.00,10582.00,1964380.00,64.00,5.00
2014,Nigeria,568498937616.00,176460502.00,64.00,3222.00,923770.00,194.00,5.00
2014,Netherlands,879635084125.00,16865008.00,81.00,52157.00,41540.00,501.00,7.00
2014,New Zealand,200955119874.00,4509700.00,81.00,44561.00,267710.00,17.00,6.00
2014,Thailand,407339361696.00,68416772.00,75.00,5954.00,513120.00,134.00,1.00
2014,United States,17427609000000.00,318622525.00,79.00,54697.00,9831510.00,35.00,6.00
2015,Australia,1349034029453.00,23850784.00,82.00,56561.00,7741220.00,3.00,6.00
2015,Brazil,1802214373741.00,205962108.00,74.00,8750.00,8515770.00,25.00, -
2015,Canada,1559623393039.00,35832513.00,82.00,43525.00,9984670.00,4.00,7.00
2015,China,11064666282626.00,1371220000.00,76.00,8069.00,9562911.00,146.00, -
2015,France,2438207896252.00,66593366.00,82.00,36613.00,549087.00,122.00,10.00
2015,United Kingdom,2885570309161.00,65128861.00,81.00,44306.00,243610.00,269.00,5.00
2015,India,2102390808997.00,1309053980.00,67.00,1606.00,3287259.00,440.00, -
2015,Ireland,290617008368.00,4701957.00,82.00,61808.00,70280.00,68.00,10.00
2015,Italy,1832868490534.00,60730582.00,82.00,30180.00,301340.00,206.00,12.00
2015,Mexico,1170564619928.00,125890949.00,76.00,9298.00,1964380.00,65.00,4.00
2015,Nigeria,494583180777.00,181181744.00,65.00,2730.00,923770.00,199.00,4.00
2015,Netherlands,757999453314.00,16939923.00,81.00,44746.00,41540.00,503.00,7.00
2015,New Zealand,177620948761.00,4595700.00,81.00,38649.00,267710.00,17.00,5.00
2015,Thailand,401399422443.00,68657600.00,75.00,5846.00,513120.00,134.00,1.00
2015,United States,18120714000000.00,321039839.00,79.00,56444.00,9831510.00,35.00,5.00
2016,Australia,1208039015868.00,24210809.00,82.00,49897.00,7741220.00,3.00,6.00
2016,Brazil,1793989048409.00,207652865.00,75.00,8639.00,8515770.00,25.00,12.00
2016,Canada,1535767736946.00,36264604.00,82.00,42349.00,9984670.00,4.00,7.00
2016,China,11190992550230.00,1378665000.00,77.00,8117.00,9562910.00,147.00, -
2016,France,2465134297439.00,66859768.00,82.00,36870.00,549087.00,122.00,10.00
2016,United Kingdom,2650850178102.00,65595565.00,81.00,40412.00,243610.00,271.00,5.00
2016,India,2274229710530.00,1324171354.00,68.00,1717.00,3287259.00,445.00, -
2016,Ireland,304819018067.00,4755335.00,82.00,64100.00,70280.00,69.00,8.00
2016,Italy,1859383610249.00,60627498.00,82.00,30669.00,301340.00,206.00,12.00
2016,Mexico,1077779580639.00,127540423.00,76.00,8450.00,1964375.00,66.00,4.00
2016,Nigeria,404649527538.00,185989640.00,66.00,2176.00,923770.00,204.00, -
2016,Netherlands,777227541581.00,17030314.00,81.00,45638.00,41540.00,506.00,6.00
2016,New Zealand,189285950471.00,4693200.00,81.00,40332.00,267710.00,18.00,5.00
2016,Thailand,411755164833.00,68863514.00,75.00,5979.00,513120.00,135.00,1.00
2016,United States,18624475000000.00,323405935.00,79.00,57589.00,9831510.00,35.00,5.00
2017,Australia,1323421072479.00,24598933.00, -   ,53800.00,7741220.00,3.00,6.00
2017,Brazil,2055505502225.00,209288278.00, -   ,9821.00,8515770.00,25.00,13.00
2017,Canada,1653042795255.00,36708083.00, -   ,45032.00,9984670.00,4.00,6.00
2017,China,12237700479375.00,1386395000.00, -   ,8827.00,9562910.00,148.00,4.00
2017,France,2582501307216.00,67118648.00, -   ,38477.00,549087.00,123.00,9.00
2017,United Kingdom,2622433959604.00,66022273.00, -   ,39720.00,243610.00,273.00,4.00
2017,India,2600818243560.00,1339180127.00, -   ,1942.00,3287259.00,450.00, -
2017,Ireland,333730764773.00,4813608.00, -   ,69331.00,70280.00,70.00,7.00
2017,Italy,1934797937411.00,60551416.00, -   ,31953.00,301340.00,206.00,11.00
2017,Mexico,1150887823404.00,129163276.00, -   ,8910.00,1964375.00,66.00,3.00
2017,Nigeria,375745486521.00,190886311.00, -   ,1968.00,923770.00,210.00, -
2017,Netherlands,826200282501.00,17132854.00, -   ,48223.00,41540.00,509.00,5.00
2017,New Zealand,205852838255.00,4793900.00, -   ,42941.00,267710.00,18.00,5.00
2017,Thailand,455302682986.00,69037513.00, -   ,6595.00,513120.00,135.00, -
2017,United States,19390604000000.00,325719178.00, -   ,59532.00,9831510.00,36.00,4.00
2018,Australia, -   , -   , -   , -   ,7741220.00, -   , -
2018,Brazil, -   , -   , -   , -   ,8515770.00, -   , -
2018,Canada, -   , -   , -   , -   ,9984670.00, -   , -
2018,China, -   , -   , -   , -   ,9562910.00, -   , -
2018,France, -   , -   , -   , -   ,549087.00, -   , -
2018,United Kingdom, -   , -   , -   , -   ,243610.00, -   , -
2018,India, -   , -   , -   , -   ,3287259.00, -   , -
2018,Ireland, -   , -   , -   , -   ,70280.00, -   , -
2018,Italy, -   , -   , -   , -   ,301340.00, -   , -
2018,Mexico, -   , -   , -   , -   ,1964375.00, -   , -
2018,Nigeria, -   , -   , -   , -   ,923770.00, -   , -
2018,Netherlands, -   , -   , -   , -   ,41540.00, -   , -
2018,New Zealand, -   , -   , -   , -   ,267710.00, -   , -
2018,Thailand, -   , -   , -   , -   ,513120.00, -   , -
2018,United States, -   , -   , -   , -   ,9831510.00, -   , -
