Year,Country,GDP,Total Population,Life Expectancy
1960,Australia," 	18,573,188,487 "," 	10,276,477 ", 	71
1960,Brazil," 	15,165,569,913 "," 	72,207,554 ", 	55
1960,Canada," 	41,093,453,545 "," 	17,909,009 ", 	71
1960,China," 	59,716,467,625 "," 	667,070,000 ", 	31
1960,France," 	62,651,474,947 "," 	46,814,237 ", 	70
1960,United Kingdom," 	72,328,047,042 "," 	52,400,000 ", 	71
1960,India," 	36,535,925,031 "," 	449,480,608 ", 	41
1960,Ireland," 	1,939,329,775 "," 	2,828,600 ", 	71
1960,Italy," 	40,385,288,344 "," 	50,199,700 ", 	69
1960,Mexico," 	13,040,000,000 "," 	38,174,112 ", 	57
1960,Nigeria," 	4,196,092,258 "," 	45,137,812 ", 	40
1960,Netherlands," 	12,276,734,172 "," 	11,486,631 ", 	73
1960,Thailand," 	2,760,747,472 "," 	27,397,175 ", 	55
1960,United States," 	543,300,000,000 "," 	180,671,000 ", 	70
1961,Australia," 	19,648,336,880 "," 	10,483,000 ", 	71
1961,Brazil," 	15,236,854,859 "," 	74,351,763 ", 	56
1961,Canada," 	40,767,969,454 "," 	18,271,000 ", 	71
1961,China," 	50,056,868,958 "," 	660,330,000 ", 	33
1961,France," 	68,346,741,504 "," 	47,444,751 ", 	71
1961,United Kingdom," 	76,694,360,636 "," 	52,800,000 ", 	71
1961,India," 	38,709,096,076 "," 	458,494,963 ", 	42
1961,Ireland," 	2,088,012,282 "," 	2,824,400 ", 	70
1961,Italy," 	44,842,760,293 "," 	50,536,350 ", 	70
1961,Mexico," 	14,160,000,000 "," 	39,394,126 ", 	58
1961,Nigeria," 	4,467,200,336 "," 	46,062,905 ", 	41
1961,Netherlands," 	13,493,833,740 "," 	11,638,712 ", 	74
1961,Thailand," 	3,034,043,574 "," 	28,224,204 ", 	56
1961,United States," 	563,300,000,000 "," 	183,691,000 ", 	70
1962,Australia," 	19,888,005,376 "," 	10,742,000 ", 	71
1962,Brazil," 	19,926,293,839 "," 	76,573,248 ", 	56
1962,Canada," 	41,978,852,041 "," 	18,614,000 ", 	71
1962,China," 	47,209,359,006 "," 	665,770,000 ", 	43
1962,France," 	76,313,782,252 "," 	48,119,649 ", 	71
1962,United Kingdom," 	80,601,939,635 "," 	53,250,000 ", 	71
1962,India," 	41,599,070,242 "," 	467,852,537 ", 	43
1962,Ireland," 	2,260,349,684 "," 	2,836,050 ", 	71
1962,Italy," 	50,383,891,899 "," 	50,879,450 ", 	69
1962,Mexico," 	15,200,000,000 "," 	40,649,588 ", 	58
1962,Nigeria," 	4,909,302,954 "," 	47,029,140 ", 	42
1962,Netherlands," 	14,647,057,370 "," 	11,805,689 ", 	73
1962,Thailand," 	3,308,912,797 "," 	29,081,034 ", 	57
1962,United States," 	605,100,000,000 "," 	186,538,000 ", 	70
1963,Australia," 	21,501,847,911 "," 	10,950,000 ", 	71
1963,Brazil," 	23,021,477,292 "," 	78,854,019 ", 	57
1963,Canada," 	44,657,169,109 "," 	18,964,000 ", 	71
1963,China," 	50,706,799,903 "," 	682,335,000 ", 	51
1963,France," 	85,551,113,767 "," 	48,803,680 ", 	70
1963,United Kingdom," 	85,443,766,670 "," 	53,650,000 ", 	71
1963,India," 	47,776,000,900 "," 	477,527,970 ", 	43
1963,Ireland," 	2,430,843,768 "," 	2,852,650 ", 	71
1963,Italy," 	57,710,743,060 "," 	51,252,000 ", 	69
1963,Mexico," 	16,960,000,000 "," 	41,939,880 ", 	59
1963,Nigeria," 	5,165,489,010 "," 	48,032,246 ", 	42
1963,Netherlands," 	15,891,241,386 "," 	11,965,966 ", 	73
1963,Thailand," 	3,540,403,457 "," 	29,967,041 ", 	57
1963,United States," 	638,600,000,000 "," 	189,242,000 ", 	70
1964,Australia," 	23,758,539,590 "," 	11,167,000 ", 	71
1964,Brazil," 	21,211,892,260 "," 	81,168,654 ", 	57
1964,Canada," 	48,882,938,810 "," 	19,325,000 ", 	72
1964,China," 	59,708,343,489 "," 	698,355,000 ", 	52
1964,France," 	94,906,593,388 "," 	49,449,403 ", 	71
1964,United Kingdom," 	93,387,598,814 "," 	54,000,000 ", 	72
1964,India," 	55,726,873,084 "," 	487,484,535 ", 	44
1964,Ireland," 	2,766,608,946 "," 	2,866,550 ", 	71
1964,Italy," 	63,175,417,019 "," 	51,675,350 ", 	70
1964,Mexico," 	20,080,000,000 "," 	43,264,272 ", 	59
1964,Nigeria," 	5,552,822,484 "," 	49,066,059 ", 	43
1964,Netherlands," 	18,699,380,731 "," 	12,127,120 ", 	74
1964,Thailand," 	3,889,129,942 "," 	30,881,332 ", 	57
1964,United States," 	685,800,000,000 "," 	191,889,000 ", 	70
1965,Australia," 	25,931,235,301 "," 	11,388,000 ", 	71
1965,Brazil," 	21,790,035,117 "," 	83,498,020 ", 	58
1965,Canada," 	53,909,570,342 "," 	19,678,000 ", 	72
1965,China," 	70,436,266,147 "," 	715,185,000 ", 	54
1965,France," 	102,160,571,409 "," 	50,023,774 ", 	71
1965,United Kingdom," 	100,595,782,309 "," 	54,348,050 ", 	72
1965,India," 	58,760,424,670 "," 	497,702,365 ", 	45
1965,Ireland," 	2,945,704,143 "," 	2,877,300 ", 	71
1965,Italy," 	67,978,153,851 "," 	52,112,350 ", 	70
1965,Mexico," 	21,840,000,000 "," 	44,623,043 ", 	60
1965,Nigeria," 	5,874,422,512 "," 	50,127,214 ", 	43
1965,Netherlands," 	21,000,586,933 "," 	12,294,732 ", 	74
1965,Thailand," 	4,388,937,649 "," 	31,822,796 ", 	58
1965,United States," 	743,700,000,000 "," 	194,303,000 ", 	70
1966,Australia," 	27,261,731,437 "," 	11,651,000 ", 	71
1966,Brazil," 	27,062,716,578 "," 	85,837,799 ", 	58
1966,Canada," 	60,358,632,035 "," 	20,048,000 ", 	72
1966,China," 	76,720,285,970 "," 	735,400,000 ", 	55
1966,France," 	110,597,467,199 "," 	50,508,717 ", 	72
1966,United Kingdom," 	107,090,721,447 "," 	54,648,500 ", 	71
1966,India," 	45,253,641,303 "," 	508,161,935 ", 	46
1966,Ireland," 	3,104,034,393 "," 	2,888,800 ", 	71
1966,Italy," 	73,654,870,011 "," 	52,519,000 ", 	71
1966,Mexico," 	24,320,000,000 "," 	46,011,038 ", 	60
1966,Nigeria," 	6,366,792,664 "," 	51,217,359 ", 	44
1966,Netherlands," 	22,867,203,317 "," 	12,456,251 ", 	74
1966,Thailand," 	5,279,230,817 "," 	32,789,096 ", 	58
1966,United States," 	815,000,000,000 "," 	196,560,000 ", 	70
1967,Australia," 	30,389,741,292 "," 	11,799,000 ", 	71
1967,Brazil," 	30,591,834,054 "," 	88,191,378 ", 	58
1967,Canada," 	64,768,831,262 "," 	20,412,000 ", 	72
1967,China," 	72,881,631,327 "," 	754,550,000 ", 	57
1967,France," 	119,466,139,620 "," 	50,915,456 ", 	72
1967,United Kingdom," 	111,185,383,410 "," 	54,943,600 ", 	72
1967,India," 	49,466,168,891 "," 	518,889,779 ", 	46
1967,Ireland," 	3,343,636,773 "," 	2,902,450 ", 	72
1967,Italy," 	81,133,120,065 "," 	52,900,500 ", 	71
1967,Mexico," 	26,560,000,000 "," 	47,429,812 ", 	61
1967,Nigeria," 	5,203,135,937 "," 	52,341,834 ", 	38
1967,Netherlands," 	25,087,562,181 "," 	12,598,201 ", 	74
1967,Thailand," 	5,638,461,442 "," 	33,778,504 ", 	59
1967,United States," 	861,700,000,000 "," 	198,712,000 ", 	71
1968,Australia," 	32,657,632,434 "," 	12,009,000 ", 	71
1968,Brazil," 	33,875,881,876 "," 	90,557,064 ", 	59
1968,Canada," 	70,759,031,842 "," 	20,744,000 ", 	72
1968,China," 	70,846,535,056 "," 	774,510,000 ", 	58
1968,France," 	129,847,107,788 "," 	51,276,054 ", 	72
1968,United Kingdom," 	104,702,736,248 "," 	55,211,700 ", 	72
1968,India," 	52,377,324,284 "," 	529,967,317 ", 	47
1968,Ireland," 	3,278,584,478 "," 	2,915,550 ", 	72
1968,Italy," 	87,942,231,678 "," 	53,235,750 ", 	71
1968,Mexico," 	29,360,000,000 "," 	48,894,019 ", 	61
1968,Nigeria," 	5,200,895,982 "," 	53,505,978 ", 	33
1968,Netherlands," 	27,817,605,743 "," 	12,729,721 ", 	74
1968,Thailand," 	6,081,009,428 "," 	34,790,945 ", 	59
1968,United States," 	942,500,000,000 "," 	200,706,000 ", 	70
1969,Australia," 	36,620,002,240 "," 	12,263,000 ", 	71
1969,Brazil," 	37,458,898,244 "," 	92,935,072 ", 	59
1969,Canada," 	77,887,510,242 "," 	21,028,000 ", 	72
1969,China," 	79,705,906,247 "," 	796,025,000 ", 	59
1969,France," 	140,725,497,222 "," 	51,638,260 ", 	71
1969,United Kingdom," 	112,676,874,822 "," 	55,441,750 ", 	72
1969,India," 	57,668,330,026 "," 	541,505,076 ", 	48
1969,Ireland," 	3,787,077,344 "," 	2,932,650 ", 	72
1969,Italy," 	97,085,082,807 "," 	53,537,950 ", 	71
1969,Mexico," 	32,480,000,000 "," 	50,423,481 ", 	61
1969,Nigeria," 	6,634,187,316 "," 	54,716,735 ", 	32
1969,Netherlands," 	31,503,868,835 "," 	12,877,984 ", 	74
1969,Thailand," 	6,695,336,567 "," 	35,826,804 ", 	59
1969,United States," 	1,019,900,000,000 "," 	202,677,000 ", 	71
1970,Australia," 	41,261,059,469 "," 	12,507,000 ", 	71
1970,Brazil," 	42,327,600,098 "," 	95,326,793 ", 	60
1970,Canada," 	87,896,095,224 "," 	21,324,000 ", 	73
1970,China," 	92,602,973,434 "," 	818,315,000 ", 	61
1970,France," 	148,456,359,986 "," 	52,035,095 ", 	72
1970,United Kingdom," 	130,671,946,244 "," 	55,663,250 ", 	72
1970,India," 	61,589,800,520 "," 	553,578,513 ", 	49
1970,Ireland," 	4,401,259,686 "," 	2,957,250 ", 	72
1970,Italy," 	113,021,271,995 "," 	53,821,850 ", 	72
1970,Mexico," 	35,520,000,000 "," 	52,029,861 ", 	62
1970,Nigeria," 	12,545,849,083 "," 	55,981,400 ", 	42
1970,Netherlands," 	37,677,621,538 "," 	13,038,526 ", 	74
1970,Thailand," 	7,086,538,438 "," 	36,884,913 ", 	60
1970,United States," 	1,075,884,000,000 "," 	205,052,000 ", 	71
1971,Australia," 	45,138,313,361 "," 	12,937,000 ", 	71
1971,Brazil," 	49,204,456,700 "," 	97,728,961 ", 	60
1971,Canada," 	99,271,961,478 "," 	21,645,535 ", 	73
1971,China," 	99,800,958,648 "," 	841,105,000 ", 	62
1971,France," 	165,966,615,366 "," 	52,480,421 ", 	72
1971,United Kingdom," 	148,113,896,325 "," 	55,896,223 ", 	72
1971,India," 	66,452,561,866 "," 	566,224,812 ", 	49
1971,Ireland," 	5,104,355,500 "," 	2,992,050 ", 	73
1971,Italy," 	124,261,125,468 "," 	54,073,490 ", 	72
1971,Mexico," 	39,200,000,000 "," 	53,718,724 ", 	62
1971,Nigeria," 	9,181,769,912 "," 	57,295,210 ", 	47
1971,Netherlands," 	44,010,160,464 "," 	13,194,497 ", 	74
1971,Thailand," 	7,375,000,024 "," 	37,964,925 ", 	60
1971,United States," 	1,167,770,000,000 "," 	207,661,000 ", 	71
1972,Australia," 	51,954,439,252 "," 	13,177,000 ", 	72
1972,Brazil," 	58,539,008,786 "," 	100,143,598 ", 	61
1972,Canada," 	113,082,820,992 "," 	21,993,631 ", 	73
1972,China," 	113,687,586,299 "," 	862,030,000 ", 	61
1972,France," 	203,494,148,244 "," 	52,959,228 ", 	73
1972,United Kingdom," 	169,965,034,965 "," 	56,086,065 ", 	72
1972,India," 	70,509,913,049 "," 	579,411,513 ", 	50
1972,Ireland," 	6,325,627,655 "," 	3,036,850 ", 	72
1972,Italy," 	144,780,887,782 "," 	54,381,345 ", 	72
1972,Mexico," 	45,200,000,000 "," 	55,478,151 ", 	63
1972,Nigeria," 	12,274,416,018 "," 	58,662,603 ", 	47
1972,Netherlands," 	54,008,338,918 "," 	13,328,593 ", 	74
1972,Thailand," 	8,177,884,553 "," 	39,061,994 ", 	61
1972,United States," 	1,282,449,000,000 "," 	209,896,000 ", 	71
1973,Australia," 	63,721,973,094 "," 	13,380,000 ", 	72
1973,Brazil," 	79,279,057,731 "," 	102,584,278 ", 	61
1973,Canada," 	131,321,859,214 "," 	22,369,408 ", 	73
1973,China," 	138,544,284,709 "," 	881,940,000 ", 	61
1973,France," 	264,429,876,252 "," 	53,441,264 ", 	73
1973,United Kingdom," 	192,537,971,583 "," 	56,194,527 ", 	72
1973,India," 	84,374,541,630 "," 	593,058,926 ", 	51
1973,Ireland," 	7,490,132,549 "," 	3,085,950 ", 	72
1973,Italy," 	174,913,182,331 "," 	54,751,406 ", 	72
1973,Mexico," 	55,280,000,000 "," 	57,280,587 ", 	63
1973,Nigeria," 	15,162,871,287 "," 	60,110,433 ", 	48
1973,Netherlands," 	70,924,006,306 "," 	13,439,322 ", 	74
1973,Thailand," 	10,838,587,358 "," 	40,164,966 ", 	61
1973,United States," 	1,428,549,000,000 "," 	211,909,000 ", 	72
1974,Australia," 	88,809,137,804 "," 	13,723,000 ", 	72
1974,Brazil," 	105,136,007,529 "," 	105,069,367 ", 	61
1974,Canada," 	160,408,697,648 "," 	22,774,087 ", 	73
1974,China," 	144,182,133,388 "," 	900,350,000 ", 	61
1974,France," 	285,552,373,159 "," 	53,882,416 ", 	73
1974,United Kingdom," 	206,131,369,799 "," 	56,229,974 ", 	72
1974,India," 	98,198,276,857 "," 	607,050,255 ", 	52
1974,Ireland," 	7,906,317,253 "," 	3,137,500 ", 	72
1974,Italy," 	198,906,210,777 "," 	55,110,868 ", 	73
1974,Mexico," 	72,000,000,000 "," 	59,088,193 ", 	64
1974,Nigeria," 	24,846,641,318 "," 	61,673,559 ", 	48
1974,Netherlands," 	86,129,928,027 "," 	13,545,056 ", 	75
1974,Thailand," 	13,703,000,530 "," 	41,259,536 ", 	62
1974,United States," 	1,548,825,000,000 "," 	213,854,000 ", 	72
1975,Australia," 	97,147,343,985 "," 	13,893,000 ", 	73
1975,Brazil," 	123,709,376,568 "," 	107,612,100 ", 	62
1975,Canada," 	173,834,029,788 "," 	23,209,000 ", 	73
1975,China," 	163,431,551,780 "," 	916,395,000 ", 	61
1975,France," 	360,832,186,018 "," 	54,252,574 ", 	73
1975,United Kingdom," 	241,756,637,168 "," 	56,225,800 ", 	73
1975,India," 	97,159,222,024 "," 	621,301,720 ", 	52
1975,Ireland," 	9,495,166,028 "," 	3,189,550 ", 	73
1975,Italy," 	226,944,777,284 "," 	55,441,001 ", 	73
1975,Mexico," 	88,000,000,000 "," 	60,872,399 ", 	64
1975,Nigeria," 	27,778,934,625 "," 	63,373,572 ", 	49
1975,Netherlands," 	98,970,041,042 "," 	13,666,335 ", 	74
1975,Thailand," 	14,882,747,955 "," 	42,334,954 ", 	62
1975,United States," 	1,688,923,000,000 "," 	215,973,000 ", 	73
1976,Australia," 	104,894,743,477 "," 	14,033,000 ", 	73
1976,Brazil," 	152,678,020,453 "," 	110,213,082 ", 	62
1976,Canada," 	206,575,564,402 "," 	23,518,000 ", 	74
1976,China," 	153,940,455,342 "," 	930,685,000 ", 	60
1976,France," 	372,319,038,514 "," 	54,541,493 ", 	73
1976,United Kingdom," 	232,614,555,256 "," 	56,211,968 ", 	73
1976,India," 	101,346,972,434 "," 	635,771,734 ", 	53
1976,Ireland," 	9,465,078,404 "," 	3,238,050 ", 	73
1976,Italy," 	223,976,030,937 "," 	55,718,260 ", 	73
1976,Mexico," 	89,025,974,026 "," 	62,623,763 ", 	65
1976,Nigeria," 	36,308,883,249 "," 	65,226,229 ", 	50
1976,Netherlands," 	107,775,403,067 "," 	13,774,037 ", 	75
1976,Thailand," 	16,985,211,146 "," 	43,386,841 ", 	63
1976,United States," 	1,877,587,000,000 "," 	218,035,000 ", 	73
1977,Australia," 	110,174,351,916 "," 	14,192,000 ", 	73
1977,Brazil," 	176,171,284,312 "," 	112,867,867 ", 	63
1977,Canada," 	211,612,156,935 "," 	23,796,000 ", 	74
1977,China," 	174,938,098,827 "," 	943,455,000 ", 	62
1977,France," 	410,279,486,494 "," 	54,764,462 ", 	74
1977,United Kingdom," 	263,066,457,352 "," 	56,193,492 ", 	73
1977,India," 	119,866,746,574 "," 	650,485,030 ", 	54
1977,Ireland," 	11,261,811,100 "," 	3,282,200 ", 	73
1977,Italy," 	256,746,610,489 "," 	55,955,411 ", 	73
1977,Mexico," 	81,814,159,292 "," 	64,345,884 ", 	66
1977,Nigeria," 	36,035,407,725 "," 	67,215,805 ", 	50
1977,Netherlands," 	125,395,875,999 "," 	13,856,185 ", 	75
1977,Thailand," 	19,779,315,170 "," 	44,416,010 ", 	63
1977,United States," 	2,085,951,000,000 "," 	220,239,000 ", 	73
1978,Australia," 	118,309,271,374 "," 	14,358,000 ", 	74
1978,Brazil," 	200,800,891,870 "," 	115,577,669 ", 	63
1978,Canada," 	218,632,867,450 "," 	24,036,000 ", 	74
1978,China," 	149,540,752,829 "," 	956,165,000 ", 	62
1978,France," 	506,707,848,837 "," 	54,947,975 ", 	74
1978,United Kingdom," 	335,883,029,722 "," 	56,196,504 ", 	73
1978,India," 	135,468,782,809 "," 	665,502,284 ", 	54
1978,Ireland," 	14,665,538,508 "," 	3,329,100 ", 	73
1978,Italy," 	314,019,078,257 "," 	56,155,143 ", 	74
1978,Mexico," 	102,500,000,000 "," 	66,039,488 ", 	66
1978,Nigeria," 	36,527,862,209 "," 	69,293,550 ", 	51
1978,Netherlands," 	153,870,462,416 "," 	13,941,700 ", 	75
1978,Thailand," 	24,006,570,178 "," 	45,423,436 ", 	64
1978,United States," 	2,356,571,000,000 "," 	222,585,000 ", 	74
1979,Australia," 	134,679,086,675 "," 	14,514,000 ", 	74
1979,Brazil," 	224,969,488,835 "," 	118,342,626 ", 	63
1979,Canada," 	243,072,102,185 "," 	24,277,000 ", 	75
1979,China," 	178,280,594,413 "," 	969,005,000 ", 	63
1979,France," 	613,953,129,818 "," 	55,130,594 ", 	74
1979,United Kingdom," 	438,994,070,309 "," 	56,246,951 ", 	73
1979,India," 	150,950,826,964 "," 	680,915,804 ", 	55
1979,Ireland," 	18,341,273,856 "," 	3,373,750 ", 	73
1979,Italy," 	392,378,584,945 "," 	56,317,749 ", 	74
1979,Mexico," 	134,561,403,509 "," 	67,709,689 ", 	67
1979,Nigeria," 	47,259,911,894 "," 	71,391,290 ", 	51
1979,Netherlands," 	177,376,289,135 "," 	14,038,270 ", 	76
1979,Thailand," 	27,371,699,083 "," 	46,412,307 ", 	64
1979,United States," 	2,632,143,000,000 "," 	225,055,000 ", 	74
1980,Australia," 	149,738,161,560 "," 	14,692,000 ", 	75
1980,Brazil," 	235,024,598,983 "," 	121,159,761 ", 	64
1980,Canada," 	273,853,826,377 "," 	24,593,000 ", 	75
1980,China," 	191,149,211,575 "," 	981,235,000 ", 	64
1980,France," 	701,288,419,745 "," 	55,340,782 ", 	75
1980,United Kingdom," 	564,947,710,899 "," 	56,314,216 ", 	74
1980,India," 	183,839,864,649 "," 	696,783,517 ", 	55
1980,Ireland," 	21,773,901,764 "," 	3,412,800 ", 	74
1980,Italy," 	475,682,506,444 "," 	56,433,883 ", 	74
1980,Mexico," 	205,139,086,957 "," 	69,360,871 ", 	67
1980,Nigeria," 	64,201,788,123 "," 	73,460,724 ", 	52
1980,Netherlands," 	192,661,371,425 "," 	14,149,800 ", 	76
1980,Thailand," 	32,353,440,727 "," 	47,385,323 ", 	65
1980,United States," 	2,862,505,000,000 "," 	227,225,000 ", 	74
1981,Australia," 	176,599,326,599 "," 	14,927,000 ", 	75
1981,Brazil," 	263,561,088,977 "," 	124,030,908 ", 	64
1981,Canada," 	306,214,863,625 "," 	24,900,000 ", 	75
1981,China," 	195,866,382,433 "," 	993,885,000 ", 	64
1981,France," 	615,552,202,776 "," 	55,585,824 ", 	75
1981,United Kingdom," 	540,765,675,241 "," 	56,333,829 ", 	74
1981,India," 	190,909,548,790 "," 	713,118,032 ", 	56
1981,Ireland," 	20,694,944,733 "," 	3,453,000 ", 	74
1981,Italy," 	429,282,143,246 "," 	56,501,675 ", 	74
1981,Mexico," 	263,959,336,735 "," 	70,992,195 ", 	68
1981,Nigeria," 	164,475,209,515 "," 	75,482,552 ", 	52
1981,Netherlands," 	162,039,376,225 "," 	14,247,208 ", 	76
1981,Thailand," 	34,846,107,862 "," 	48,337,503 ", 	65
1981,United States," 	3,210,956,000,000 "," 	229,466,000 ", 	74
1982,Australia," 	193,721,725,698 "," 	15,178,000 ", 	75
1982,Brazil," 	281,682,304,161 "," 	126,947,365 ", 	65
1982,Canada," 	313,506,525,087 "," 	25,202,000 ", 	76
1982,China," 	205,089,699,859 "," 	1,008,630,000 ", 	65
1982,France," 	584,877,732,309 "," 	55,858,727 ", 	75
1982,United Kingdom," 	515,048,916,841 "," 	56,313,641 ", 	74
1982,India," 	198,037,712,682 "," 	729,868,013 ", 	56
1982,Ireland," 	21,500,472,055 "," 	3,485,800 ", 	74
1982,Italy," 	425,863,251,969 "," 	56,543,548 ", 	75
1982,Mexico," 	184,609,157,801 "," 	72,602,533 ", 	68
1982,Nigeria," 	142,769,363,313 "," 	77,472,907 ", 	53
1982,Netherlands," 	156,456,858,051 "," 	14,312,690 ", 	76
1982,Thailand," 	36,589,797,857 "," 	49,267,560 ", 	66
1982,United States," 	3,344,991,000,000 "," 	231,664,000 ", 	75
1983,Australia," 	176,986,429,574 "," 	15,369,000 ", 	76
1983,Brazil," 	203,304,515,491 "," 	129,882,321 ", 	65
1983,Canada," 	340,547,711,782 "," 	25,456,000 ", 	76
1983,China," 	230,686,747,153 "," 	1,023,310,000 ", 	65
1983,France," 	559,869,179,792 "," 	56,156,284 ", 	75
1983,United Kingdom," 	489,618,008,186 "," 	56,332,848 ", 	74
1983,India," 	215,350,771,428 "," 	746,949,067 ", 	56
1983,Ireland," 	20,790,917,686 "," 	3,510,600 ", 	74
1983,Italy," 	441,580,962,902 "," 	56,564,074 ", 	75
1983,Mexico," 	156,159,198,585 "," 	74,196,548 ", 	69
1983,Nigeria," 	97,094,911,791 "," 	79,462,277 ", 	53
1983,Netherlands," 	151,487,045,479 "," 	14,367,070 ", 	76
1983,Thailand," 	40,042,826,244 "," 	50,186,199 ", 	67
1983,United States," 	3,638,137,000,000 "," 	233,792,000 ", 	75
1984,Australia," 	193,194,167,723 "," 	15,544,000 ", 	76
1984,Brazil," 	209,023,912,697 "," 	132,800,684 ", 	65
1984,Canada," 	355,372,558,104 "," 	25,702,000 ", 	76
1984,China," 	259,946,510,957 "," 	1,036,825,000 ", 	66
1984,France," 	530,683,779,929 "," 	56,470,769 ", 	76
1984,United Kingdom," 	461,487,097,632 "," 	56,422,072 ", 	75
1984,India," 	209,328,156,801 "," 	764,245,202 ", 	57
1984,Ireland," 	20,130,728,786 "," 	3,532,423 ", 	75
1984,Italy," 	436,443,280,912 "," 	56,576,718 ", 	76
1984,Mexico," 	184,261,495,828 "," 	75,780,605 ", 	69
1984,Nigeria," 	73,484,359,521 "," 	81,497,739 ", 	53
1984,Netherlands," 	142,075,910,371 "," 	14,424,211 ", 	76
1984,Thailand," 	41,797,592,963 "," 	51,108,082 ", 	68
1984,United States," 	4,040,693,000,000 "," 	235,825,000 ", 	75
1985,Australia," 	180,190,994,861 "," 	15,758,000 ", 	75
1985,Brazil," 	222,942,790,435 "," 	135,676,281 ", 	66
1985,Canada," 	364,756,499,451 "," 	25,942,000 ", 	76
1985,China," 	309,488,028,133 "," 	1,051,040,000 ", 	66
1985,France," 	553,138,414,367 "," 	56,795,686 ", 	76
1985,United Kingdom," 	489,285,164,271 "," 	56,550,268 ", 	75
1985,India," 	229,410,293,759 "," 	781,666,671 ", 	57
1985,Ireland," 	21,295,486,383 "," 	3,538,082 ", 	75
1985,Italy," 	450,725,816,043 "," 	56,593,071 ", 	76
1985,Mexico," 	195,219,789,801 "," 	77,360,707 ", 	69
1985,Nigeria," 	73,745,821,156 "," 	83,613,300 ", 	54
1985,Netherlands," 	142,009,922,306 "," 	14,491,632 ", 	76
1985,Thailand," 	38,900,692,712 "," 	52,041,469 ", 	68
1985,United States," 	4,346,734,000,000 "," 	237,924,000 ", 	75
1986,Australia," 	181,977,476,217 "," 	16,018,400 ", 	76
1986,Brazil," 	268,137,224,730 "," 	138,499,464 ", 	66
1986,Canada," 	377,437,927,312 "," 	26,204,000 ", 	76
1986,China," 	300,758,100,107 "," 	1,066,790,000 ", 	66
1986,France," 	771,470,783,218 "," 	57,132,691 ", 	76
1986,United Kingdom," 	601,452,653,181 "," 	56,681,396 ", 	75
1986,India," 	245,664,654,063 "," 	799,181,436 ", 	57
1986,Ireland," 	28,748,960,471 "," 	3,539,690 ", 	75
1986,Italy," 	638,273,986,102 "," 	56,596,155 ", 	76
1986,Mexico," 	134,550,096,437 "," 	78,934,125 ", 	70
1986,Nigeria," 	54,805,852,581 "," 	85,818,502 ", 	54
1986,Netherlands," 	198,298,498,021 "," 	14,572,278 ", 	76
1986,Thailand," 	43,096,746,122 "," 	52,996,467 ", 	69
1986,United States," 	4,590,155,000,000 "," 	240,133,000 ", 	75
1987,Australia," 	189,041,159,344 "," 	16,263,900 ", 	76
1987,Brazil," 	294,084,112,393 "," 	141,273,488 ", 	67
1987,Canada," 	431,316,742,081 "," 	26,550,000 ", 	77
1987,China," 	272,972,974,765 "," 	1,084,035,000 ", 	66
1987,France," 	934,173,305,686 "," 	57,482,591 ", 	77
1987,United Kingdom," 	745,162,608,269 "," 	56,802,050 ", 	75
1987,India," 	275,311,425,332 "," 	816,792,741 ", 	57
1987,Ireland," 	33,961,142,322 "," 	3,540,057 ", 	76
1987,Italy," 	803,055,418,883 "," 	56,601,931 ", 	76
1987,Mexico," 	147,540,738,282 "," 	80,503,052 ", 	70
1987,Nigeria," 	52,676,041,931 "," 	88,101,628 ", 	54
1987,Netherlands," 	241,918,791,123 "," 	14,665,037 ", 	77
1987,Thailand," 	50,535,438,696 "," 	53,964,406 ", 	70
1987,United States," 	4,870,217,000,000 "," 	242,289,000 ", 	75
1988,Australia," 	235,699,941,793 "," 	16,532,200 ", 	76
1988,Brazil," 	330,397,381,998 "," 	144,001,542 ", 	67
1988,Canada," 	507,354,351,182 "," 	26,895,000 ", 	77
1988,China," 	312,353,631,208 "," 	1,101,630,000 ", 	66
1988,France," 	1,018,847,043,277 "," 	57,836,486 ", 	77
1988,United Kingdom," 	910,122,732,124 "," 	56,928,327 ", 	75
1988,India," 	292,632,656,263 "," 	834,489,322 ", 	58
1988,Ireland," 	37,818,134,253 "," 	3,524,949 ", 	76
1988,Italy," 	888,667,913,419 "," 	56,629,288 ", 	77
1988,Mexico," 	181,611,549,976 "," 	82,083,919 ", 	71
1988,Nigeria," 	49,648,470,440 "," 	90,450,281 ", 	54
1988,Netherlands," 	258,567,751,143 "," 	14,760,094 ", 	77
1988,Thailand," 	61,667,199,835 "," 	54,912,334 ", 	70
1988,United States," 	5,252,629,000,000 "," 	244,499,000 ", 	75
1989,Australia," 	299,317,645,143 "," 	16,814,400 ", 	76
1989,Brazil," 	425,595,310,000 "," 	146,691,981 ", 	67
1989,Canada," 	565,055,743,243 "," 	27,379,000 ", 	77
1989,China," 	347,768,051,312 "," 	1,118,650,000 ", 	67
1989,France," 	1,025,211,803,414 "," 	58,182,702 ", 	77
1989,United Kingdom," 	926,884,816,754 "," 	57,076,711 ", 	75
1989,India," 	292,093,308,320 "," 	852,270,034 ", 	58
1989,Ireland," 	39,285,385,088 "," 	3,511,009 ", 	76
1989,Italy," 	925,598,068,021 "," 	56,671,781 ", 	77
1989,Mexico," 	221,400,669,714 "," 	83,697,891 ", 	71
1989,Nigeria," 	44,003,061,108 "," 	92,844,353 ", 	54
1989,Netherlands," 	255,039,560,740 "," 	14,848,907 ", 	77
1989,Thailand," 	72,250,877,410 "," 	55,795,106 ", 	71
1989,United States," 	5,657,693,000,000 "," 	246,819,000 ", 	75
1990,Australia," 	310,838,014,621 "," 	17,065,100 ", 	77
1990,Brazil," 	461,951,782,000 "," 	149,352,145 ", 	68
1990,Canada," 	593,929,550,908 "," 	27,791,000 ", 	77
1990,China," 	360,857,912,566 "," 	1,135,185,000 ", 	67
1990,France," 	1,269,179,616,914 "," 	58,512,808 ", 	77
1990,United Kingdom," 	1,093,169,389,205 "," 	57,247,586 ", 	76
1990,India," 	316,697,337,895 "," 	870,133,480 ", 	58
1990,Ireland," 	49,364,681,256 "," 	3,513,974 ", 	76
1990,Italy," 	1,177,326,294,441 "," 	56,719,240 ", 	77
1990,Mexico," 	261,253,582,806 "," 	85,357,874 ", 	72
1990,Nigeria," 	54,035,795,388 "," 	95,269,988 ", 	54
1990,Netherlands," 	314,267,667,675 "," 	14,951,510 ", 	77
1990,Thailand," 	85,343,063,966 "," 	56,582,821 ", 	71
1990,United States," 	5,979,589,000,000 "," 	249,623,000 ", 	75
1991,Australia," 	325,358,292,128 "," 	17,284,000 ", 	77
1991,Brazil," 	602,860,000,000 "," 	151,976,577 ", 	68
1991,Canada," 	610,328,183,643 "," 	28,171,682 ", 	78
1991,China," 	383,373,318,084 "," 	1,150,780,000 ", 	67
1991,France," 	1,269,276,828,276 "," 	58,559,311 ", 	77
1991,United Kingdom," 	1,142,797,178,131 "," 	57,424,897 ", 	76
1991,India," 	266,502,281,093 "," 	888,054,875 ", 	59
1991,Ireland," 	49,847,128,533 "," 	3,534,235 ", 	77
1991,Italy," 	1,242,109,397,534 "," 	56,758,521 ", 	77
1991,Mexico," 	313,142,768,437 "," 	87,071,512 ", 	72
1991,Nigeria," 	49,118,433,048 "," 	97,726,323 ", 	54
1991,Netherlands," 	323,320,449,906 "," 	15,069,798 ", 	77
1991,Thailand," 	98,234,695,722 "," 	57,258,401 ", 	71
1991,United States," 	6,174,043,000,000 "," 	252,981,000 ", 	76
1992,Australia," 	324,878,105,053 "," 	17,495,000 ", 	78
1992,Brazil," 	400,599,250,000 "," 	154,564,278 ", 	68
1992,Canada," 	592,387,689,253 "," 	28,519,597 ", 	78
1992,China," 	426,915,712,711 "," 	1,164,970,000 ", 	67
1992,France," 	1,401,465,923,172 "," 	58,851,217 ", 	78
1992,United Kingdom," 	1,179,659,529,660 "," 	57,580,402 ", 	76
1992,India," 	284,363,884,080 "," 	906,021,106 ", 	59
1992,Ireland," 	55,985,506,499 "," 	3,558,430 ", 	77
1992,Italy," 	1,315,806,985,860 "," 	56,797,087 ", 	77
1992,Mexico," 	363,157,598,226 "," 	88,828,310 ", 	72
1992,Nigeria," 	47,794,925,816 "," 	100,221,563 ", 	54
1992,Netherlands," 	358,330,385,840 "," 	15,184,166 ", 	77
1992,Thailand," 	111,452,869,378 "," 	57,837,878 ", 	71
1992,United States," 	6,539,299,000,000 "," 	256,514,000 ", 	76
1993,Australia," 	311,528,948,848 "," 	17,667,000 ", 	78
1993,Brazil," 	437,798,577,640 "," 	157,132,682 ", 	69
1993,Canada," 	577,170,761,956 "," 	28,833,410 ", 	78
1993,China," 	444,731,282,437 "," 	1,178,440,000 ", 	68
1993,France," 	1,322,815,612,694 "," 	59,106,768 ", 	78
1993,United Kingdom," 	1,061,388,722,256 "," 	57,718,614 ", 	76
1993,India," 	275,570,363,432 "," 	924,057,817 ", 	59
1993,Ireland," 	52,480,253,169 "," 	3,576,261 ", 	77
1993,Italy," 	1,061,445,225,791 "," 	56,831,821 ", 	78
1993,Mexico," 	500,736,065,605 "," 	90,600,453 ", 	72
1993,Nigeria," 	27,752,204,320 "," 	102,761,737 ", 	55
1993,Netherlands," 	349,037,818,106 "," 	15,290,368 ", 	77
1993,Thailand," 	128,889,832,383 "," 	58,364,891 ", 	71
1993,United States," 	6,878,718,000,000 "," 	259,919,000 ", 	76
1994,Australia," 	322,201,314,424 "," 	17,855,000 ", 	78
1994,Brazil," 	558,111,997,497 "," 	159,705,123 ", 	69
1994,Canada," 	578,139,279,438 "," 	29,111,906 ", 	78
1994,China," 	564,324,670,006 "," 	1,191,835,000 ", 	68
1994,France," 	1,393,982,750,473 "," 	59,327,192 ", 	78
1994,United Kingdom," 	1,140,489,745,944 "," 	57,865,745 ", 	77
1994,India," 	322,909,902,308 "," 	942,204,249 ", 	60
1994,Ireland," 	57,166,037,102 "," 	3,590,386 ", 	77
1994,Italy," 	1,095,590,833,694 "," 	56,843,400 ", 	78
1994,Mexico," 	527,813,238,126 "," 	92,349,147 ", 	73
1994,Nigeria," 	33,833,042,988 "," 	105,355,783 ", 	55
1994,Netherlands," 	374,291,430,318 "," 	15,382,838 ", 	78
1994,Thailand," 	146,683,499,006 "," 	58,901,666 ", 	71
1994,United States," 	7,308,755,000,000 "," 	263,126,000 ", 	76
1995,Australia," 	367,216,364,716 "," 	18,072,000 ", 	78
1995,Brazil," 	769,305,386,183 "," 	162,296,612 ", 	69
1995,Canada," 	604,031,623,433 "," 	29,354,000 ", 	78
1995,China," 	734,547,898,221 "," 	1,204,855,000 ", 	68
1995,France," 	1,601,094,756,210 "," 	59,541,899 ", 	78
1995,United Kingdom," 	1,335,218,557,677 "," 	58,019,030 ", 	77
1995,India," 	355,475,984,176 "," 	960,482,795 ", 	60
1995,Ireland," 	69,222,626,263 "," 	3,608,841 ", 	77
1995,Italy," 	1,170,787,352,906 "," 	56,844,303 ", 	78
1995,Mexico," 	360,073,909,244 "," 	94,045,579 ", 	73
1995,Nigeria," 	44,062,465,800 "," 	108,011,465 ", 	55
1995,Netherlands," 	446,528,959,649 "," 	15,459,006 ", 	78
1995,Thailand," 	169,278,552,851 "," 	59,491,790 ", 	71
1995,United States," 	7,664,060,000,000 "," 	266,278,000 ", 	76
1996,Australia," 	400,302,731,411 "," 	18,311,000 ", 	79
1996,Brazil," 	850,426,432,992 "," 	164,913,306 ", 	69
1996,Canada," 	628,546,387,972 "," 	29,671,900 ", 	78
1996,China," 	863,746,717,504 "," 	1,217,550,000 ", 	69
1996,France," 	1,605,675,086,550 "," 	59,753,100 ", 	78
1996,United Kingdom," 	1,408,781,591,264 "," 	58,166,950 ", 	77
1996,India," 	387,656,017,800 "," 	978,893,217 ", 	60
1996,Ireland," 	75,880,632,560 "," 	3,637,510 ", 	78
1996,Italy," 	1,308,929,351,236 "," 	56,860,281 ", 	78
1996,Mexico," 	410,975,595,310 "," 	95,687,452 ", 	73
1996,Nigeria," 	51,075,815,092 "," 	110,732,904 ", 	55
1996,Netherlands," 	445,704,575,163 "," 	15,530,498 ", 	78
1996,Thailand," 	183,035,154,107 "," 	60,151,472 ", 	71
1996,United States," 	8,100,201,000,000 "," 	269,394,000 ", 	76
1997,Australia," 	434,568,007,513 "," 	18,517,000 ", 	79
1997,Brazil," 	883,199,625,325 "," 	167,545,164 ", 	70
1997,Canada," 	652,825,364,726 "," 	29,987,200 ", 	79
1997,China," 	961,603,952,952 "," 	1,230,075,000 ", 	69
1997,France," 	1,452,884,917,959 "," 	59,964,851 ", 	79
1997,United Kingdom," 	1,552,483,628,029 "," 	58,316,954 ", 	77
1997,India," 	410,320,300,471 "," 	997,405,318 ", 	61
1997,Ireland," 	82,826,146,132 "," 	3,674,171 ", 	77
1997,Italy," 	1,239,050,932,242 "," 	56,890,372 ", 	79
1997,Mexico," 	500,413,483,109 "," 	97,281,739 ", 	74
1997,Nigeria," 	54,457,835,194 "," 	113,522,705 ", 	55
1997,Netherlands," 	412,199,006,099 "," 	15,610,650 ", 	78
1997,Thailand," 	150,180,268,649 "," 	60,863,506 ", 	71
1997,United States," 	8,608,515,000,000 "," 	272,657,000 ", 	77
1998,Australia," 	398,899,138,574 "," 	18,711,000 ", 	79
1998,Brazil," 	863,723,411,633 "," 	170,170,640 ", 	70
1998,Canada," 	631,813,279,407 "," 	30,247,900 ", 	79
1998,China," 	1,029,043,097,554 "," 	1,241,935,000 ", 	69
1998,France," 	1,503,108,739,159 "," 	60,186,288 ", 	79
1998,United Kingdom," 	1,638,511,096,390 "," 	58,487,141 ", 	77
1998,India," 	415,730,874,172 "," 	1,015,974,042 ", 	61
1998,Ireland," 	90,082,034,316 "," 	3,712,696 ", 	78
1998,Italy," 	1,266,309,245,009 "," 	56,906,744 ", 	79
1998,Mexico," 	526,502,129,378 "," 	98,821,456 ", 	74
1998,Nigeria," 	54,604,050,168 "," 	116,385,750 ", 	55
1998,Netherlands," 	432,476,116,419 "," 	15,707,209 ", 	78
1998,Thailand," 	113,675,706,127 "," 	61,597,283 ", 	70
1998,United States," 	9,089,168,000,000 "," 	275,854,000 ", 	77
1999,Australia," 	388,395,162,301 "," 	18,926,000 ", 	79
1999,Brazil," 	599,388,579,986 "," 	172,759,243 ", 	70
1999,Canada," 	676,082,654,641 "," 	30,499,200 ", 	79
1999,China," 	1,093,997,267,271 "," 	1,252,735,000 ", 	70
1999,France," 	1,492,647,560,196 "," 	60,496,718 ", 	79
1999,United Kingdom," 	1,665,623,685,488 "," 	58,682,466 ", 	78
1999,India," 	452,699,998,387 "," 	1,034,539,214 ", 	61
1999,Ireland," 	98,691,849,563 "," 	3,754,786 ", 	78
1999,Italy," 	1,248,563,179,203 "," 	56,916,317 ", 	79
1999,Mexico," 	600,232,874,043 "," 	100,300,579 ", 	74
1999,Nigeria," 	59,372,613,486 "," 	119,327,073 ", 	55
1999,Netherlands," 	441,975,282,335 "," 	15,812,088 ", 	78
1999,Thailand," 	126,668,932,160 "," 	62,306,651 ", 	71
1999,United States," 	9,660,624,000,000 "," 	279,040,000 ", 	77
2000,Australia," 	415,034,227,218 "," 	19,153,000 ", 	80
2000,Brazil," 	655,420,645,477 "," 	175,287,587 ", 	71
2000,Canada," 	742,293,448,253 "," 	30,769,700 ", 	79
2000,China," 	1,211,346,869,605 "," 	1,262,645,000 ", 	70
2000,France," 	1,362,248,940,483 "," 	60,912,500 ", 	79
2000,United Kingdom," 	1,647,951,278,560 "," 	58,892,514 ", 	78
2000,India," 	462,146,799,337 "," 	1,053,050,912 ", 	62
2000,Ireland," 	99,853,528,653 "," 	3,805,174 ", 	78
2000,Italy," 	1,141,759,996,315 "," 	56,942,108 ", 	80
2000,Mexico," 	707,906,744,575 "," 	101,719,673 ", 	75
2000,Nigeria," 	69,448,756,933 "," 	122,352,009 ", 	55
2000,Netherlands," 	412,807,259,996 "," 	15,925,513 ", 	78
2000,Thailand," 	126,392,308,498 "," 	62,958,021 ", 	71
2000,United States," 	10,284,779,000,000 "," 	282,162,411 ", 	77
2001,Australia," 	378,215,090,694 "," 	19,413,000 ", 	80
2001,Brazil," 	559,372,276,082 "," 	177,750,670 ", 	71
2001,Canada," 	736,379,777,893 "," 	31,081,900 ", 	80
2001,China," 	1,339,395,718,865 "," 	1,271,850,000 ", 	70
2001,France," 	1,376,465,324,385 "," 	61,357,430 ", 	79
2001,United Kingdom," 	1,621,510,004,318 "," 	59,119,673 ", 	78
2001,India," 	478,965,491,062 "," 	1,071,477,855 ", 	62
2001,Ireland," 	109,133,512,304 "," 	3,866,243 ", 	78
2001,Italy," 	1,162,317,852,349 "," 	56,974,100 ", 	80
2001,Mexico," 	756,706,300,590 "," 	103,067,068 ", 	75
2001,Nigeria," 	74,030,364,472 "," 	125,463,434 ", 	55
2001,Netherlands," 	426,573,601,790 "," 	16,046,180 ", 	78
2001,Thailand," 	120,296,746,257 "," 	63,543,322 ", 	71
2001,United States," 	10,621,824,000,000 "," 	284,968,955 ", 	77
2002,Australia," 	394,486,709,920 "," 	19,651,400 ", 	80
2002,Brazil," 	507,962,487,700 "," 	180,151,021 ", 	71
2002,Canada," 	757,950,678,647 "," 	31,362,000 ", 	80
2002,China," 	1,470,550,015,082 "," 	1,280,400,000 ", 	70
2002,France," 	1,494,286,655,374 "," 	61,805,267 ", 	79
2002,United Kingdom," 	1,768,408,273,381 "," 	59,370,479 ", 	78
2002,India," 	508,068,952,066 "," 	1,089,807,112 ", 	62
2002,Ireland," 	127,945,379,258 "," 	3,931,947 ", 	79
2002,Italy," 	1,266,510,634,293 "," 	57,059,007 ", 	80
2002,Mexico," 	772,106,378,935 "," 	104,355,608 ", 	75
2002,Nigeria," 	95,385,819,321 "," 	128,666,710 ", 	55
2002,Netherlands," 	465,368,906,456 "," 	16,148,929 ", 	79
2002,Thailand," 	134,300,851,255 "," 	64,073,164 ", 	72
2002,United States," 	10,977,514,000,000 "," 	287,625,193 ", 	77
2003,Australia," 	466,294,700,058 "," 	19,895,400 ", 	81
2003,Brazil," 	558,319,920,832 "," 	182,482,149 ", 	72
2003,Canada," 	892,380,986,368 "," 	31,676,000 ", 	80
2003,China," 	1,660,287,965,663 "," 	1,288,400,000 ", 	71
2003,France," 	1,840,480,812,641 "," 	62,244,886 ", 	80
2003,United Kingdom," 	2,038,395,102,041 "," 	59,647,577 ", 	78
2003,India," 	599,592,902,016 "," 	1,108,027,848 ", 	63
2003,Ireland," 	164,285,112,867 "," 	3,996,521 ", 	79
2003,Italy," 	1,569,649,661,400 "," 	57,313,203 ", 	80
2003,Mexico," 	729,336,319,677 "," 	105,640,453 ", 	75
2003,Nigeria," 	104,911,947,834 "," 	131,972,533 ", 	56
2003,Netherlands," 	571,863,431,151 "," 	16,225,302 ", 	79
2003,Thailand," 	152,280,653,544 "," 	64,554,952 ", 	72
2003,United States," 	11,510,670,000,000 "," 	290,107,933 ", 	77
2004,Australia," 	611,904,253,806 "," 	20,127,400 ", 	81
2004,Brazil," 	669,316,654,017 "," 	184,738,458 ", 	72
2004,Canada," 	1,023,196,003,075 "," 	31,995,000 ", 	80
2004,China," 	1,955,347,004,963 "," 	1,296,075,000 ", 	71
2004,France," 	2,115,742,488,205 "," 	62,704,895 ", 	80
2004,United Kingdom," 	2,398,555,474,185 "," 	59,987,905 ", 	79
2004,India," 	699,688,852,930 "," 	1,126,135,777 ", 	63
2004,Ireland," 	193,870,350,137 "," 	4,070,262 ", 	79
2004,Italy," 	1,798,314,750,435 "," 	57,685,327 ", 	81
2004,Mexico," 	782,240,601,985 "," 	106,995,583 ", 	75
2004,Nigeria," 	136,385,979,323 "," 	135,393,616 ", 	56
2004,Netherlands," 	650,532,654,582 "," 	16,281,779 ", 	79
2004,Thailand," 	172,895,476,153 "," 	65,002,231 ", 	72
2004,United States," 	12,274,928,000,000 "," 	292,805,298 ", 	78
2005,Australia," 	692,641,708,014 "," 	20,394,800 ", 	81
2005,Brazil," 	891,630,175,813 "," 	186,917,361 ", 	72
2005,Canada," 	1,169,357,979,865 "," 	32,312,000 ", 	80
2005,China," 	2,285,965,892,361 "," 	1,303,720,000 ", 	72
2005,France," 	2,196,126,103,718 "," 	63,179,351 ", 	80
2005,United Kingdom," 	2,520,701,818,182 "," 	60,401,206 ", 	79
2005,India," 	808,901,077,222 "," 	1,144,118,674 ", 	64
2005,Ireland," 	211,650,764,830 "," 	4,159,914 ", 	80
2005,Italy," 	1,852,661,982,341 "," 	57,969,484 ", 	81
2005,Mexico," 	877,476,221,382 "," 	108,472,228 ", 	75
2005,Nigeria," 	176,134,087,151 "," 	138,939,478 ", 	57
2005,Netherlands," 	678,533,764,457 "," 	16,319,868 ", 	80
2005,Thailand," 	189,318,499,954 "," 	65,425,470 ", 	73
2005,United States," 	13,093,726,000,000 "," 	295,516,599 ", 	78
2006,Australia," 	745,521,862,833 "," 	20,697,900 ", 	81
2006,Brazil," 	1,107,640,297,890 "," 	189,012,412 ", 	73
2006,Canada," 	1,315,415,197,461 "," 	32,570,505 ", 	81
2006,China," 	2,752,131,773,355 "," 	1,311,020,000 ", 	73
2006,France," 	2,318,593,651,988 "," 	63,621,381 ", 	81
2006,United Kingdom," 	2,692,612,695,492 "," 	60,846,820 ", 	79
2006,India," 	920,316,529,730 "," 	1,161,977,719 ", 	64
2006,Ireland," 	232,085,535,065 "," 	4,273,591 ", 	80
2006,Italy," 	1,942,633,797,516 "," 	58,143,979 ", 	81
2006,Mexico," 	975,387,131,716 "," 	110,092,378 ", 	75
2006,Nigeria," 	236,103,982,432 "," 	142,614,094 ", 	57
2006,Netherlands," 	726,649,102,998 "," 	16,346,101 ", 	80
2006,Thailand," 	221,758,486,880 "," 	65,824,164 ", 	74
2006,United States," 	13,855,888,000,000 "," 	298,379,912 ", 	78
2007,Australia," 	851,962,785,585 "," 	20,827,600 ", 	82
2007,Brazil," 	1,397,084,345,950 "," 	191,026,637 ", 	73
2007,Canada," 	1,464,977,190,206 "," 	32,887,928 ", 	81
2007,China," 	3,552,182,311,653 "," 	1,317,885,000 ", 	73
2007,France," 	2,657,213,249,384 "," 	64,016,227 ", 	81
2007,United Kingdom," 	3,074,359,743,898 "," 	61,322,463 ", 	80
2007,India," 	1,201,111,768,409 "," 	1,179,681,239 ", 	64
2007,Ireland," 	269,917,519,847 "," 	4,398,942 ", 	80
2007,Italy," 	2,203,053,380,783 "," 	58,438,310 ", 	81
2007,Mexico," 	1,052,696,282,279 "," 	111,836,346 ", 	76
2007,Nigeria," 	275,625,684,969 "," 	146,417,024 ", 	58
2007,Netherlands," 	839,419,655,078 "," 	16,381,696 ", 	80
2007,Thailand," 	262,942,650,544 "," 	66,195,615 ", 	74
2007,United States," 	14,477,635,000,000 "," 	301,231,207 ", 	78
2008,Australia," 	1,052,584,601,611 "," 	21,249,200 ", 	82
2008,Brazil," 	1,695,824,571,927 "," 	192,979,029 ", 	73
2008,Canada," 	1,549,131,208,997 "," 	33,245,773 ", 	81
2008,China," 	4,598,206,091,384 "," 	1,324,655,000 ", 	73
2008,France," 	2,918,382,891,460 "," 	64,374,989 ", 	81
2008,United Kingdom," 	2,890,564,338,235 "," 	61,806,995 ", 	80
2008,India," 	1,186,952,757,636 "," 	1,197,146,906 ", 	65
2008,Ireland," 	275,020,023,436 "," 	4,489,544 ", 	80
2008,Italy," 	2,390,729,163,615 "," 	58,826,731 ", 	82
2008,Mexico," 	1,109,989,063,587 "," 	113,661,809 ", 	75
2008,Nigeria," 	337,035,512,677 "," 	150,347,390 ", 	59
2008,Netherlands," 	936,228,211,513 "," 	16,445,593 ", 	80
2008,Thailand," 	291,383,081,232 "," 	66,545,760 ", 	74
2008,United States," 	14,718,582,000,000 "," 	304,093,966 ", 	78
2009,Australia," 	926,448,240,318 "," 	21,691,700 ", 	82
2009,Brazil," 	1,667,019,780,934 "," 	194,895,996 ", 	73
2009,Canada," 	1,371,153,004,986 "," 	33,628,571 ", 	81
2009,China," 	5,109,953,609,257 "," 	1,331,260,000 ", 	74
2009,France," 	2,690,222,283,968 "," 	64,707,044 ", 	81
2009,United Kingdom," 	2,382,825,985,356 "," 	62,276,270 ", 	80
2009,India," 	1,323,940,295,875 "," 	1,214,270,132 ", 	65
2009,Ireland," 	236,311,336,482 "," 	4,535,375 ", 	80
2009,Italy," 	2,185,160,183,384 "," 	59,095,365 ", 	82
2009,Mexico," 	900,045,350,649 "," 	115,505,228 ", 	75
2009,Nigeria," 	291,880,204,328 "," 	154,402,181 ", 	60
2009,Netherlands," 	857,932,759,100 "," 	16,530,388 ", 	81
2009,Thailand," 	281,710,095,725 "," 	66,881,867 ", 	74
2009,United States," 	14,418,739,000,000 "," 	306,771,529 ", 	79
2010,Australia," 	1,144,260,547,873 "," 	22,031,750 ", 	82
2010,Brazil," 	2,208,871,646,203 "," 	196,796,269 ", 	74
2010,Canada," 	1,613,464,422,811 "," 	34,005,274 ", 	81
2010,China," 	6,100,620,488,868 "," 	1,337,705,000 ", 	74
2010,France," 	2,642,609,548,930 "," 	65,027,507 ", 	81
2010,United Kingdom," 	2,441,173,394,730 "," 	62,766,365 ", 	80
2010,India," 	1,656,617,073,124 "," 	1,230,980,691 ", 	65
2010,Ireland," 	221,951,354,762 "," 	4,560,155 ", 	81
2010,Italy," 	2,125,058,244,243 "," 	59,277,417 ", 	82
2010,Mexico," 	1,057,801,295,584 "," 	117,318,941 ", 	75
2010,Nigeria," 	363,359,886,203 "," 	158,578,261 ", 	61
2010,Netherlands," 	836,389,937,229 "," 	16,615,394 ", 	81
2010,Thailand," 	341,105,009,515 "," 	67,208,808 ", 	74
2010,United States," 	14,964,372,000,000 "," 	309,338,421 ", 	79
2011,Australia," 	1,394,280,784,778 "," 	22,340,024 ", 	82
2011,Brazil," 	2,616,201,578,192 "," 	198,686,688 ", 	74
2011,Canada," 	1,788,647,906,048 "," 	34,342,780 ", 	82
2011,China," 	7,572,553,836,875 "," 	1,344,130,000 ", 	75
2011,France," 	2,861,408,170,265 "," 	65,342,775 ", 	82
2011,United Kingdom," 	2,619,700,404,733 "," 	63,258,918 ", 	81
2011,India," 	1,823,049,927,771 "," 	1,247,236,029 ", 	66
2011,Ireland," 	239,018,536,582 "," 	4,580,084 ", 	81
2011,Italy," 	2,276,292,404,601 "," 	59,379,449 ", 	82
2011,Mexico," 	1,180,489,601,958 "," 	119,090,017 ", 	76
2011,Nigeria," 	410,334,579,161 "," 	162,877,076 ", 	62
2011,Netherlands," 	893,757,287,202 "," 	16,693,074 ", 	81
2011,Thailand," 	370,818,747,397 "," 	67,530,130 ", 	74
2011,United States," 	15,517,926,000,000 "," 	311,644,280 ", 	79
2012,Australia," 	1,543,411,012,580 "," 	22,742,475 ", 	82
2012,Brazil," 	2,465,188,674,415 "," 	200,560,983 ", 	74
2012,Canada," 	1,824,288,757,448 "," 	34,750,545 ", 	82
2012,China," 	8,560,547,314,679 "," 	1,350,695,000 ", 	75
2012,France," 	2,683,825,225,093 "," 	65,659,789 ", 	82
2012,United Kingdom," 	2,662,085,168,499 "," 	63,700,300 ", 	81
2012,India," 	1,827,637,859,136 "," 	1,263,065,852 ", 	66
2012,Ireland," 	225,571,853,194 "," 	4,599,533 ", 	81
2012,Italy," 	2,072,823,157,060 "," 	59,539,717 ", 	82
2012,Mexico," 	1,201,089,987,015 "," 	120,828,307 ", 	76
2012,Nigeria," 	459,376,049,764 "," 	167,297,284 ", 	63
2012,Netherlands," 	828,946,812,397 "," 	16,754,962 ", 	81
2012,Thailand," 	397,558,094,270 "," 	67,843,979 ", 	74
2012,United States," 	16,155,255,000,000 "," 	313,993,272 ", 	79
2013,Australia," 	1,573,696,522,007 "," 	23,145,901 ", 	82
2013,Brazil," 	2,472,806,919,902 "," 	202,408,632 ", 	74
2013,Canada," 	1,842,628,005,830 "," 	35,152,370 ", 	82
2013,China," 	9,607,224,481,533 "," 	1,357,380,000 ", 	76
2013,France," 	2,811,077,725,704 "," 	65,998,660 ", 	82
2013,United Kingdom," 	2,739,818,680,930 "," 	64,128,226 ", 	81
2013,India," 	1,856,722,121,395 "," 	1,278,562,207 ", 	67
2013,Ireland," 	239,389,340,720 "," 	4,623,816 ", 	82
2013,Italy," 	2,130,491,320,659 "," 	60,233,948 ", 	82
2013,Mexico," 	1,274,443,084,717 "," 	122,535,969 ", 	75
2013,Nigeria," 	514,966,287,334 "," 	171,829,303 ", 	63
2013,Netherlands," 	866,680,000,367 "," 	16,804,432 ", 	81
2013,Thailand," 	420,333,333,333 "," 	68,143,065 ", 	74
2013,United States," 	16,691,517,000,000 "," 	316,234,505 ", 	79
2014,Australia," 	1,464,955,475,994 "," 	23,504,138 ", 	82
2014,Brazil," 	2,455,993,625,159 "," 	204,213,133 ", 	74
2014,Canada," 	1,799,268,695,862 "," 	35,535,348 ", 	82
2014,China," 	10,482,372,109,962 "," 	1,364,270,000 ", 	76
2014,France," 	2,852,165,760,630 "," 	66,316,092 ", 	82
2014,United Kingdom," 	3,022,827,781,881 "," 	64,613,160 ", 	81
2014,India," 	2,039,127,446,299 "," 	1,293,859,294 ", 	67
2014,Ireland," 	258,099,014,042 "," 	4,657,740 ", 	82
2014,Italy," 	2,151,732,868,243 "," 	60,789,140 ", 	82
2014,Mexico," 	1,314,563,967,425 "," 	124,221,600 ", 	76
2014,Nigeria," 	568,498,937,616 "," 	176,460,502 ", 	64
2014,Netherlands," 	879,635,084,125 "," 	16,865,008 ", 	81
2014,Thailand," 	407,339,361,696 "," 	68,416,772 ", 	75
2014,United States," 	17,427,609,000,000 "," 	318,622,525 ", 	79
2015,Australia," 	1,349,034,029,453 "," 	23,850,784 ", 	82
2015,Brazil," 	1,802,214,373,741 "," 	205,962,108 ", 	74
2015,Canada," 	1,559,623,393,039 "," 	35,832,513 ", 	82
2015,China," 	11,064,666,282,626 "," 	1,371,220,000 ", 	76
2015,France," 	2,438,207,896,252 "," 	66,593,366 ", 	82
2015,United Kingdom," 	2,885,570,309,161 "," 	65,128,861 ", 	81
2015,India," 	2,102,390,808,997 "," 	1,309,053,980 ", 	67
2015,Ireland," 	290,617,008,368 "," 	4,701,957 ", 	82
2015,Italy," 	1,832,868,490,534 "," 	60,730,582 ", 	82
2015,Mexico," 	1,170,564,619,928 "," 	125,890,949 ", 	76
2015,Nigeria," 	494,583,180,777 "," 	181,181,744 ", 	65
2015,Netherlands," 	757,999,453,314 "," 	16,939,923 ", 	81
2015,Thailand," 	401,399,422,443 "," 	68,657,600 ", 	75
2015,United States," 	18,120,714,000,000 "," 	321,039,839 ", 	79
2016,Australia," 	1,208,039,015,868 "," 	24,210,809 ", 	82
2016,Brazil," 	1,793,989,048,409 "," 	207,652,865 ", 	75
2016,Canada," 	1,535,767,736,946 "," 	36,264,604 ", 	82
2016,China," 	11,190,992,550,230 "," 	1,378,665,000 ", 	77
2016,France," 	2,465,134,297,439 "," 	66,859,768 ", 	82
2016,United Kingdom," 	2,650,850,178,102 "," 	65,595,565 ", 	81
2016,India," 	2,274,229,710,530 "," 	1,324,171,354 ", 	68
2016,Ireland," 	304,819,018,067 "," 	4,755,335 ", 	82
2016,Italy," 	1,859,383,610,249 "," 	60,627,498 ", 	82
2016,Mexico," 	1,077,779,580,639 "," 	127,540,423 ", 	76
2016,Nigeria," 	404,649,527,538 "," 	185,989,640 ", 	66
2016,Netherlands," 	777,227,541,581 "," 	17,030,314 ", 	81
2016,Thailand," 	411,755,164,833 "," 	68,863,514 ", 	75
2016,United States," 	18,624,475,000,000 "," 	323,405,935 ", 	79
2017,Australia," 	1,323,421,072,479 ",24598933, 	-
2017,Brazil," 	2,055,505,502,225 ",209288278, 	-
2017,Canada," 	1,653,042,795,255 ",36708083, 	-
2017,China," 	12,237,700,479,375 ",1386395000, 	-
2017,France," 	2,582,501,307,216 ",67118648, 	-
2017,United Kingdom," 	2,622,433,959,604 ",66022273, 	-
2017,India," 	2,600,818,243,560 ",1339180127, 	-
2017,Ireland," 	333,730,764,773 ",4813608, 	-
2017,Italy," 	1,934,797,937,411 ",60551416, 	-
2017,Mexico," 	1,150,887,823,404 ",129163276, 	-
2017,Nigeria," 	375,745,486,521 ",190886311, 	-
2017,Netherlands," 	826,200,282,501 ",17132854, 	-
2017,Thailand," 	455,302,682,986 ",69037513, 	-   
2017,United States," 	19,390,604,000,000 "325719178, 	-
2018,Australia, 	-   , 	-   , 	-
2018,Brazil, 	-   , 	-   , 	-
2018,Canada, 	-   , 	-   , 	-
2018,China, 	-   , 	-   , 	-
2018,France, 	-   , 	-   , 	-
2018,United Kingdom, 	-   , 	-   , 	-
2018,India, 	-   , 	-   , 	-
2018,Ireland, 	-   , 	-   , 	-
2018,Italy, 	-   , 	-   , 	-
2018,Mexico, 	-   , 	-   , 	-
2018,Nigeria, 	-   , 	-   , 	-
2018,Netherlands, 	-   , 	-   , 	-
2018,Thailand, 	-   , 	-   , 	-
2018,United States, 	-   , 	-   , 	-
